RA,Dec,Region,Edge
348.760,61.524,1,1
350.009,61.735,1,1
351.248,61.894,1,1
352.396,62.033,1,1
353.583,62.135,1,1
355.565,62.473,1,1
356.580,62.658,1,1
357.445,62.858,1,1
358.366,63.106,1,1
359.028,63.325,1,1
359.803,63.618,1,1
0.532,63.896,1,1
1.203,64.153,1,1
1.926,64.397,1,1
2.505,64.560,1,1
3.052,64.670,1,1
3.628,64.724,1,1
4.212,64.724,1,1
4.806,64.646,1,1
5.301,64.543,1,1
5.838,64.393,1,1
6.599,64.247,1,1
7.328,64.117,1,1
8.178,64.053,1,1
8.890,64.048,1,1
9.666,64.067,1,1
10.303,64.102,1,1
10.988,64.144,1,1
11.461,64.167,1,1
11.820,64.190,1,1
12.184,64.176,1,1
12.459,64.117,1,1
12.609,63.988,1,1
12.660,63.859,1,1
12.583,63.721,1,1
12.338,63.605,1,1
12.119,63.528,1,1
11.860,63.448,1,1
11.686,63.373,1,1
11.573,63.217,1,1
11.511,63.095,1,1
11.513,62.916,1,1
11.460,62.730,1,1
11.458,62.526,1,1
11.532,62.308,1,1
11.511,62.113,1,1
11.626,61.919,1,1
11.774,61.779,1,1
11.927,61.683,1,1
12.174,61.625,1,1
12.549,61.619,1,1
12.873,61.628,1,1
13.211,61.693,1,1
13.488,61.749,1,1
13.825,61.806,1,1
14.014,61.878,1,1
14.252,61.964,1,1
14.491,62.065,1,1
14.759,62.121,1,1
15.076,62.162,1,1
15.503,62.224,1,1
15.896,62.302,1,1
16.370,62.376,1,1
16.702,62.431,1,1
17.084,62.135,1,0
17.489,61.044,1,0
17.680,60.045,1,0
17.625,59.250,1,0
15.398,59.089,1,0
11.578,58.813,1,0
8.266,58.417,1,0
5.077,58.004,1,0
2.071,57.526,1,0
358.899,57.021,1,0
356.397,56.682,1,0
352.450,55.952,1,0
351.626,57.322,1,0
350.124,59.353,1,0
348.633,61.172,1,0
2.886,53.135,2,1
3.319,53.101,2,1
3.589,52.987,2,1
3.911,52.744,2,1
4.081,52.449,2,1
4.310,52.119,2,1
4.531,51.849,2,1
4.702,51.669,2,1
5.070,51.543,2,1
5.488,51.500,2,1
5.955,51.526,2,1
6.265,51.630,2,1
6.590,51.861,2,1
6.868,52.263,2,1
7.048,52.559,2,1
7.188,52.806,2,1
7.425,53.068,2,1
7.845,53.225,2,1
8.428,53.359,2,1
8.914,53.478,2,1
9.323,53.619,2,1
9.563,53.852,2,1
9.725,54.200,2,1
9.886,54.435,2,1
10.148,54.653,2,1
10.597,54.825,2,1
11.048,54.960,2,1
11.583,55.137,2,1
12.175,55.382,2,1
12.915,55.628,2,1
13.528,55.739,2,1
14.120,55.858,2,1
14.723,55.986,2,1
15.166,55.999,2,1
15.675,55.928,2,1
16.200,55.818,2,1
16.663,55.722,2,1
17.181,55.595,2,1
17.831,55.422,2,1
18.124,55.906,2,0
17.968,57.349,2,0
17.839,58.474,2,0
17.596,59.429,2,0
14.452,59.256,2,0
11.472,59.020,2,0
8.226,58.671,2,0
5.576,58.284,2,0
2.482,57.830,2,0
358.657,57.159,2,0
359.880,55.865,2,0
0.692,54.965,2,0
2.126,53.477,2,0
16.702,62.431,3,1
17.182,62.530,3,1
17.659,62.644,3,1
18.024,62.793,3,1
18.302,62.963,3,1
18.358,63.106,3,1
18.317,63.272,3,1
18.113,63.406,3,1
17.882,63.498,3,1
17.359,63.563,3,1
16.901,63.618,3,1
16.512,63.725,3,1
16.152,63.875,3,1
15.812,64.063,3,1
15.657,64.222,3,1
15.534,64.387,3,1
15.531,64.618,3,1
15.678,64.845,3,1
15.995,65.026,3,1
16.321,65.143,3,1
16.675,65.209,3,1
17.099,65.246,3,1
17.581,65.254,3,1
18.114,65.254,3,1
18.751,65.229,3,1
19.422,65.175,3,1
20.074,65.127,3,1
20.726,65.080,3,1
21.352,65.017,3,1
22.100,64.943,3,1
22.757,64.873,3,1
23.448,64.822,3,1
24.034,64.787,3,1
24.958,64.736,3,1
25.317,64.396,3,0
25.010,62.772,3,0
24.719,61.237,3,0
24.754,59.817,3,0
24.652,58.114,3,0
21.949,58.353,3,0
19.935,58.728,3,0
17.169,59.293,3,0
16.906,60.328,3,0
16.660,61.361,3,0
16.535,62.184,3,0
17.831,55.422,4,1
18.962,55.257,4,1
19.561,55.147,4,1
20.309,55.050,4,1
20.943,54.932,4,1
21.369,54.725,4,1
21.700,54.468,4,1
22.005,54.193,4,1
22.268,53.889,4,1
22.479,53.514,4,1
22.687,53.155,4,1
22.872,52.822,4,1
23.086,52.575,4,1
23.337,52.303,4,1
23.655,52.010,4,1
24.207,51.692,4,1
24.746,51.438,4,1
25.190,51.332,4,1
25.504,51.349,4,1
25.873,51.427,4,1
26.141,51.520,4,1
26.387,51.612,4,1
26.832,51.675,4,1
27.097,51.741,4,1
27.426,51.697,4,1
27.596,51.605,4,1
27.667,51.440,4,1
27.699,51.253,4,1
27.838,51.050,4,1
28.109,51.007,4,1
28.472,51.012,4,1
28.702,51.057,4,1
28.989,51.119,4,1
29.122,51.241,4,1
29.201,51.434,4,1
29.253,51.585,4,1
29.213,51.804,4,1
29.173,52.034,4,1
29.257,52.268,4,1
29.384,52.415,4,1
29.616,52.532,4,1
29.950,52.602,4,1
30.233,52.585,4,1
30.554,52.575,4,1
30.832,52.928,4,0
30.915,54.110,4,0
30.946,54.990,4,0
30.980,56.143,4,0
30.984,57.048,4,0
31.081,57.767,4,0
29.170,57.975,4,0
27.091,58.128,4,0
24.848,58.281,4,0
22.916,58.496,4,0
20.749,58.766,4,0
19.145,59.071,4,0
17.445,59.385,4,0
17.455,57.722,4,0
17.638,55.993,4,0
24.958,64.736,5,1
25.849,64.699,5,1
26.874,64.673,5,1
28.026,64.690,5,1
29.067,64.803,5,1
30.094,64.861,5,1
30.963,64.860,5,1
32.229,64.809,5,1
33.441,64.638,5,1
34.567,64.484,5,1
35.820,64.282,5,1
37.015,64.160,5,1
38.133,64.043,5,1
39.860,63.925,5,1
41.092,63.832,5,1
42.355,63.740,5,1
43.610,63.652,5,1
44.707,63.485,5,1
45.739,63.238,5,1
46.756,62.885,5,1
47.480,62.519,5,1
48.329,62.167,5,1
49.351,61.795,5,1
50.238,61.472,5,1
51.144,61.156,5,1
52.100,60.826,5,1
52.939,60.564,5,1
53.925,60.289,5,1
54.795,60.055,5,1
55.310,59.891,5,1
55.610,59.692,5,1
55.771,59.466,5,1
55.860,59.217,5,1
55.814,58.955,5,1
55.673,58.739,5,1
55.454,58.501,5,1
55.183,58.259,5,1
54.829,58.086,5,1
54.448,57.917,5,1
53.999,57.776,5,1
53.477,57.735,5,1
52.936,57.710,5,1
52.462,57.766,5,1
51.915,57.956,5,1
51.391,58.277,5,1
50.995,58.489,5,1
50.224,58.662,5,1
49.631,58.763,5,1
48.778,58.901,5,1
47.987,59.057,5,1
47.193,59.242,5,1
46.273,59.395,5,1
45.247,59.531,5,1
44.069,59.683,5,1
43.057,59.788,5,1
41.808,59.967,5,1
40.845,60.110,5,1
39.825,60.386,5,1
38.880,60.716,5,1
37.974,61.065,5,1
37.023,61.410,5,1
36.271,61.765,5,1
35.440,62.069,5,1
34.635,62.264,5,1
33.784,62.517,5,1
32.863,62.682,5,1
31.944,62.782,5,1
31.097,62.819,5,1
30.544,62.760,5,1
29.972,62.650,5,1
29.624,62.474,5,1
29.373,62.309,5,1
29.231,62.114,5,1
29.143,61.863,5,1
29.107,61.663,5,1
29.220,61.379,5,1
30.277,60.879,5,1
30.829,60.804,5,1
31.874,60.597,5,1
32.378,60.543,5,1
33.670,60.411,5,1
35.202,60.152,5,1
36.437,59.899,5,1
37.532,59.726,5,1
39.270,59.466,5,1
40.830,59.154,5,1
41.782,58.901,5,1
42.525,58.710,5,1
43.019,58.478,5,1
43.556,58.180,5,1
43.749,57.927,5,1
43.764,57.653,5,1
43.629,57.337,5,1
43.364,57.074,5,1
42.935,56.757,5,1
42.456,56.485,5,1
42.116,56.099,5,1
40.588,56.080,5,0
37.336,56.729,5,0
34.013,57.177,5,0
30.354,57.574,5,0
26.996,57.835,5,0
24.012,58.142,5,0
24.134,60.178,5,0
24.100,61.821,5,0
24.313,64.206,5,0
30.554,52.575,6,1
30.936,52.568,6,1
31.319,52.470,6,1
31.719,52.295,6,1
32.096,52.050,6,1
32.528,51.777,6,1
33.015,51.394,6,1
33.579,50.960,6,1
34.116,50.600,6,1
34.653,50.322,6,1
35.090,50.104,6,1
35.321,50.002,6,1
35.646,49.969,6,1
36.035,49.997,6,1
36.436,50.039,6,1
36.762,50.115,6,1
37.180,50.596,6,0
37.909,51.321,6,0
36.835,51.960,6,0
36.114,52.637,6,0
33.762,53.289,6,0
30.558,53.973,6,0
30.524,52.941,6,0
42.116,56.099,7,1
41.786,55.797,7,1
41.450,55.431,7,1
41.155,55.137,7,1
40.875,54.995,7,1
40.384,54.882,7,1
39.784,54.796,7,1
39.405,54.689,7,1
39.114,54.503,7,1
38.909,54.255,7,1
38.767,54.006,7,1
38.714,53.667,7,1
38.743,53.351,7,1
38.837,53.035,7,1
38.996,52.831,7,1
39.130,52.586,7,1
39.366,52.345,7,1
39.680,52.035,7,1
39.271,51.719,7,0
37.818,51.194,7,0
36.681,51.821,7,0
35.893,52.533,7,0
30.599,53.810,7,0
30.595,55.107,7,0
30.555,56.306,7,0
30.752,57.706,7,0
33.109,57.513,7,0
35.235,57.311,7,0
37.223,57.030,7,0
39.272,56.687,7,0
41.431,56.376,7,0
36.762,50.115,8,1
37.050,50.187,8,1
37.412,50.213,8,1
37.786,50.233,8,1
38.150,50.216,8,1
38.615,50.175,8,1
38.939,50.112,8,1
39.199,50.075,8,1
39.561,49.980,8,1
39.781,49.841,8,1
39.917,49.653,8,1
40.059,49.430,8,1
40.126,49.107,8,1
40.204,48.803,8,1
40.234,48.422,8,1
40.298,48.058,8,1
40.375,47.712,8,1
40.462,47.512,8,1
40.635,47.275,8,1
40.828,47.042,8,1
40.985,46.892,8,1
41.322,46.685,8,1
41.741,46.492,8,1
42.133,46.356,8,1
42.709,46.332,8,1
43.175,46.345,8,1
43.646,46.394,8,1
44.118,46.446,8,1
44.309,46.767,8,0
44.489,47.584,8,0
42.414,48.319,8,0
41.235,49.671,8,0
39.550,50.775,8,0
37.707,51.370,8,0
36.705,50.382,8,0
39.680,52.035,9,1
40.030,51.763,9,1
40.511,51.399,9,1
41.016,51.051,9,1
41.586,50.685,9,1
42.071,50.324,9,1
42.676,49.887,9,1
43.258,49.470,9,1
43.869,49.074,9,1
44.287,48.773,9,1
44.804,48.441,9,1
45.317,48.189,9,1
45.192,47.913,9,0
44.299,47.505,9,0
42.202,48.207,9,0
41.007,49.579,9,0
39.370,50.667,9,0
37.688,51.256,9,0
39.091,51.927,9,0
44.118,46.446,10,1
44.511,46.474,10,1
45.073,46.487,10,1
45.768,46.431,10,1
46.462,46.316,10,1
47.056,46.242,10,1
47.633,46.175,10,1
48.223,46.076,10,1
48.852,45.897,10,1
49.326,45.733,10,1
49.990,45.479,10,1
50.755,45.144,10,1
51.198,44.875,10,1
51.572,44.587,10,1
52.138,44.229,10,1
52.597,43.915,10,1
53.051,43.637,10,1
53.490,43.400,10,1
53.866,43.269,10,1
54.139,43.169,10,1
54.482,43.134,10,1
54.822,43.187,10,1
55.059,43.300,10,1
55.324,43.453,10,1
55.871,44.197,10,0
56.380,44.985,10,0
54.627,45.826,10,0
53.152,46.495,10,0
51.840,47.024,10,0
49.695,47.233,10,0
47.034,47.375,10,0
44.206,47.568,10,0
44.061,46.735,10,0
45.317,48.189,11,1
45.674,48.100,11,1
46.027,48.039,11,1
46.442,48.008,11,1
46.806,48.004,11,1
47.261,47.991,11,1
47.687,47.987,11,1
48.109,47.989,11,1
48.476,48.028,11,1
48.886,48.058,11,1
49.241,48.174,11,1
49.565,48.260,11,1
49.790,48.435,11,1
49.884,48.641,11,1
49.906,48.845,11,1
49.850,49.052,11,1
49.717,49.290,11,1
49.649,49.485,11,1
49.623,49.731,11,1
49.657,49.877,11,1
49.765,50.003,11,1
49.951,50.108,11,1
50.184,50.185,11,1
50.569,50.228,11,1
50.998,50.251,11,1
51.306,50.245,11,1
51.596,50.209,11,1
51.885,50.162,11,1
52.170,50.075,11,1
52.466,49.968,11,1
52.778,49.889,11,1
53.117,49.751,11,1
53.585,49.544,11,1
53.973,49.379,11,1
54.245,49.230,11,1
54.522,49.039,11,1
54.899,48.795,11,1
55.231,48.598,11,1
55.522,48.424,11,1
55.946,48.181,11,1
56.334,47.888,11,1
56.697,47.475,11,1
57.048,47.001,11,1
57.425,46.564,11,1
57.747,46.170,11,1
57.540,45.819,11,0
56.298,44.912,11,0
51.716,46.927,11,0
46.920,47.219,11,0
44.116,47.468,11,0
44.799,47.981,11,0
55.324,43.453,12,1
55.654,43.634,12,1
55.937,43.763,12,1
56.239,43.877,12,1
56.587,43.907,12,1
56.975,43.863,12,1
57.228,43.734,12,1
57.711,43.551,12,1
58.086,43.376,12,1
58.616,43.178,12,1
59.073,42.955,12,1
59.494,42.736,12,1
59.859,42.506,12,1
60.088,42.309,12,1
60.316,41.999,12,1
60.458,41.725,12,1
60.494,41.464,12,1
60.502,41.161,12,1
60.592,40.836,12,1
60.680,40.574,12,1
60.849,40.287,12,1
61.033,40.074,12,1
61.343,39.890,12,1
61.770,39.790,12,1
62.194,39.739,12,1
62.732,39.798,12,1
63.223,39.920,12,1
63.702,40.090,12,1
64.215,40.217,12,1
64.748,40.382,12,1
64.816,41.093,12,0
64.400,42.150,12,0
62.596,41.697,12,0
61.225,42.613,12,0
59.283,43.745,12,0
57.561,44.725,12,0
56.278,45.147,12,0
55.288,43.838,12,0
57.747,46.170,13,1
58.184,45.677,13,1
58.601,45.311,13,1
59.014,44.907,13,1
59.421,44.542,13,1
59.782,44.297,13,1
60.262,44.041,13,1
60.736,43.822,13,1
61.347,43.600,13,1
61.590,43.601,13,1
61.779,43.664,13,1
61.866,43.777,13,1
61.849,43.979,13,1
61.847,44.129,13,1
61.953,44.356,13,1
62.183,44.517,13,1
62.394,44.654,13,1
62.624,44.853,13,1
62.770,45.078,13,1
62.756,45.304,13,1
64.105,45.643,13,0
64.832,43.838,13,0
64.648,42.044,13,0
62.500,41.527,13,0
61.071,42.470,13,0
59.446,43.370,13,0
57.543,44.356,13,0
56.145,45.000,13,0
57.238,45.984,13,0
64.748,40.382,14,1
65.240,40.545,14,1
65.719,40.661,14,1
66.131,40.773,14,1
66.694,40.860,14,1
67.180,40.904,14,1
67.778,40.960,14,1
68.309,40.976,14,1
68.872,40.912,14,1
69.334,40.798,14,1
69.741,40.648,14,1
70.063,40.508,14,1
70.463,40.320,14,1
70.790,40.745,14,0
71.073,41.613,14,0
69.005,42.000,14,0
67.137,42.335,14,0
65.626,42.342,14,0
64.223,42.116,14,0
64.536,40.952,14,0
62.756,45.304,15,1
62.655,45.566,15,1
62.425,45.849,15,1
62.132,46.070,15,1
61.791,46.329,15,1
61.481,46.651,15,1
61.288,46.916,15,1
61.266,47.232,15,1
61.219,47.565,15,1
61.373,47.884,15,1
61.393,48.235,15,1
61.406,48.687,15,1
61.413,49.139,15,1
61.269,49.500,15,1
61.146,49.888,15,1
61.102,50.096,15,1
61.072,50.444,15,1
61.116,50.747,15,1
61.240,51.010,15,1
61.563,51.173,15,1
62.061,51.275,15,1
62.539,51.331,15,1
63.095,51.327,15,1
63.820,51.321,15,1
64.423,51.267,15,1
64.977,51.226,15,1
65.435,51.147,15,1
65.720,51.059,15,1
66.008,50.889,15,1
66.122,50.723,15,1
66.188,50.465,15,1
66.137,50.146,15,1
66.129,49.831,15,1
66.098,49.437,15,1
66.140,49.060,15,1
66.222,48.667,15,1
66.282,48.230,15,1
66.363,47.868,15,1
66.554,47.443,15,1
66.702,47.109,15,1
67.082,46.666,15,1
67.402,46.347,15,1
67.714,45.992,15,1
67.318,45.764,15,0
65.399,45.465,15,0
63.659,45.291,15,0
70.463,40.320,16,1
70.833,40.213,16,1
71.275,40.078,16,1
71.619,39.885,16,1
72.009,39.683,16,1
72.307,39.569,16,1
72.760,39.410,16,1
73.298,39.268,16,1
73.957,39.166,16,1
74.619,39.019,16,1
75.126,38.940,16,1
75.482,39.312,16,0
75.521,40.499,16,0
75.138,41.630,16,0
73.559,41.598,16,0
72.250,41.584,16,0
70.911,41.627,16,0
70.506,40.673,16,0
67.714,45.992,17,1
67.826,45.824,17,1
67.877,45.644,17,1
67.920,45.413,17,1
67.897,45.149,17,1
67.909,44.871,17,1
67.920,44.619,17,1
67.980,44.366,17,1
68.042,44.146,17,1
68.207,43.915,17,1
68.398,43.743,17,1
68.662,43.606,17,1
69.055,43.466,17,1
69.483,43.371,17,1
69.993,43.286,17,1
70.455,43.271,17,1
70.723,43.286,17,1
71.121,43.318,17,1
71.545,43.373,17,1
71.653,43.017,17,0
71.513,42.274,17,0
71.116,41.440,17,0
69.593,41.750,17,0
67.764,42.039,17,0
65.768,42.151,17,0
64.492,42.032,17,0
64.498,43.188,17,0
64.496,44.031,17,0
63.944,45.466,17,0
65.605,45.759,17,0
66.946,45.949,17,0
75.126,38.940,18,1
75.570,38.818,18,1
75.905,38.708,18,1
76.222,38.468,18,1
76.430,38.168,18,1
76.509,37.821,18,1
76.479,37.406,18,1
76.394,37.030,18,1
76.242,36.655,18,1
76.055,36.236,18,1
75.922,35.817,18,1
75.930,35.373,18,1
75.972,35.114,18,1
76.134,34.930,18,1
76.276,34.801,18,1
76.469,34.748,18,1
76.802,34.721,18,1
77.100,34.694,18,1
77.396,34.666,18,1
77.590,34.538,18,1
77.745,34.394,18,1
77.866,34.107,18,1
78.021,33.647,18,1
78.159,33.113,18,1
78.188,32.583,18,1
78.253,31.978,18,1
78.549,31.027,18,1
78.711,30.576,18,1
79.055,30.025,18,1
79.791,30.218,18,0
81.504,31.500,18,0
83.051,32.534,18,0
84.846,34.342,18,0
82.406,37.207,18,0
80.501,39.424,18,0
78.805,41.456,18,0
74.870,41.740,18,0
75.091,40.372,18,0
75.024,39.374,18,0
71.545,43.373,19,1
72.043,43.426,19,1
72.693,43.615,19,1
73.491,43.792,19,1
74.003,43.946,19,1
74.599,44.148,19,1
75.319,44.353,19,1
75.871,44.590,19,1
76.253,44.756,19,1
76.548,44.920,19,1
76.972,45.071,19,1
77.253,45.199,19,1
77.581,45.286,19,1
78.061,45.362,19,1
78.649,45.380,19,1
78.963,45.375,19,1
79.382,45.384,19,1
79.695,45.391,19,1
80.195,45.459,19,1
80.677,45.599,19,1
81.012,45.676,19,1
81.434,45.710,19,1
81.937,45.651,19,1
82.298,45.535,19,1
82.654,45.371,19,1
83.026,45.102,19,1
83.521,44.832,19,1
83.965,44.458,19,1
84.242,44.067,19,1
84.596,43.692,19,1
84.982,43.184,19,1
85.255,42.587,19,1
85.451,42.146,19,1
85.135,41.597,19,0
83.655,41.043,19,0
82.333,40.462,19,0
80.296,39.295,19,0
78.616,41.192,19,0
74.941,41.413,19,0
72.587,41.255,19,0
70.702,41.498,19,0
71.294,42.854,19,0
79.055,30.025,20,1
79.417,29.755,20,1
79.930,29.470,20,1
80.378,29.162,20,1
80.840,28.792,20,1
81.075,28.457,20,1
81.359,27.924,20,1
81.658,27.390,20,1
81.977,26.955,20,1
82.363,26.480,20,1
82.852,26.083,20,1
83.494,25.687,20,1
84.108,25.305,20,1
84.637,25.121,20,1
85.140,24.915,20,1
85.554,24.689,20,1
85.832,24.405,20,1
86.001,24.103,20,1
86.834,24.243,20,0
89.171,25.455,20,0
88.240,27.550,20,0
86.925,30.460,20,0
85.474,32.803,20,0
84.553,34.655,20,0
82.748,33.199,20,0
80.394,31.674,20,0
79.311,30.650,20,0
85.451,42.146,21,1
85.634,41.518,21,1
85.809,41.122,21,1
86.057,40.758,21,1
86.326,40.484,21,1
86.672,40.181,21,1
87.134,40.000,21,1
87.909,39.845,21,1
88.584,39.719,21,1
89.177,39.530,21,1
89.860,39.288,21,1
90.403,39.001,21,1
90.903,38.728,21,1
91.409,38.314,21,1
91.751,37.845,21,1
92.051,37.313,21,1
92.151,36.803,21,1
92.199,36.328,21,1
92.165,35.778,21,1
91.418,35.552,21,0
88.948,34.910,21,0
86.914,34.515,21,0
84.474,34.276,21,0
82.810,36.204,21,0
81.173,38.022,21,0
79.914,39.516,21,0
81.486,40.429,21,0
84.423,41.693,21,0
86.001,24.103,22,1
86.238,23.638,22,1
86.272,23.136,22,1
86.122,22.653,22,1
85.934,22.424,22,1
85.682,22.079,22,1
85.371,21.810,22,1
84.980,21.598,22,1
84.465,21.521,22,1
84.217,21.540,22,1
84.011,21.501,22,1
83.827,21.326,22,1
83.684,21.020,22,1
83.524,20.730,22,1
83.259,20.438,22,1
83.000,20.073,22,1
82.676,19.724,22,1
82.195,19.354,22,1
81.795,18.927,22,1
81.478,18.540,22,1
81.142,18.114,22,1
80.889,17.708,22,1
80.800,17.091,22,1
80.831,16.632,22,1
80.981,16.117,22,1
81.208,15.662,22,1
81.430,15.455,22,1
81.674,15.267,22,1
82.250,15.216,22,1
82.468,15.181,22,1
82.649,14.952,22,1
82.810,14.686,22,1
82.990,14.438,22,1
83.191,14.230,22,1
83.428,14.097,22,1
83.567,14.174,22,1
83.763,14.347,22,1
83.940,14.598,22,1
84.077,14.829,22,1
84.217,14.981,22,1
84.414,15.038,22,1
84.673,14.981,22,1
84.830,14.791,22,1
84.948,14.521,22,1
84.989,14.158,22,1
85.007,13.680,22,1
85.046,13.065,22,1
85.163,12.566,22,1
85.397,12.105,22,1
85.768,11.566,22,1
86.195,11.063,22,1
86.718,10.656,22,1
87.165,10.325,22,1
87.902,9.947,22,1
89.079,10.602,22,0
90.864,11.671,22,0
92.830,12.777,22,0
94.171,13.550,22,0
95.561,14.598,22,0
94.129,17.060,22,0
92.609,19.729,22,0
90.963,22.534,22,0
90.009,23.947,22,0
89.040,25.688,22,0
86.491,24.568,22,0
92.165,35.778,23,1
92.153,35.477,23,1
92.215,35.046,23,1
92.387,34.554,23,1
92.600,34.259,23,1
92.925,33.976,23,1
93.228,33.723,23,1
93.514,33.486,23,1
93.723,33.219,23,1
93.835,32.865,23,1
93.872,32.528,23,1
93.876,32.146,23,1
93.788,31.811,23,1
93.703,31.447,23,1
93.525,31.040,23,1
93.315,30.709,23,1
93.109,30.393,23,1
92.959,30.122,23,1
92.789,29.725,23,1
92.638,29.315,23,1
92.517,28.889,23,1
92.473,28.447,23,1
92.448,28.065,23,1
92.419,27.637,23,1
92.375,27.164,23,1
92.348,26.751,23,1
92.405,26.168,23,1
91.906,25.949,23,0
90.614,25.685,23,0
88.887,25.392,23,0
88.044,27.220,23,0
87.041,29.391,23,0
85.989,31.135,23,0
85.142,32.608,23,0
84.371,34.389,23,0
86.807,34.817,23,0
88.928,35.261,23,0
90.843,35.769,23,0
87.902,9.947,24,1
88.504,9.750,24,1
89.194,9.613,24,1
89.919,9.392,24,1
90.577,9.055,24,1
91.133,8.701,24,1
91.538,8.292,24,1
91.910,7.903,24,1
92.296,7.461,24,1
92.664,7.019,24,1
93.098,6.544,24,1
93.480,5.971,24,1
93.849,5.479,24,1
94.130,4.804,24,1
94.480,4.244,24,1
94.876,3.783,24,1
95.239,3.321,24,1
95.715,2.579,24,1
96.638,2.725,24,0
97.743,3.432,24,0
98.771,4.036,24,0
100.530,5.058,24,0
99.634,6.928,24,0
98.650,8.862,24,0
97.546,10.976,24,0
96.511,12.844,24,0
95.363,14.898,24,0
93.617,13.866,24,0
91.450,12.559,24,0
89.260,11.344,24,0
87.997,10.417,24,0
92.405,26.168,25,1
92.492,25.827,25,1
92.636,25.539,25,1
92.741,25.301,25,1
93.030,25.137,25,1
93.294,25.109,25,1
93.577,25.217,25,1
93.778,25.461,25,1
93.888,25.755,25,1
94.040,26.631,25,1
94.029,27.111,25,1
93.958,27.607,25,1
93.926,28.088,25,1
94.050,28.554,25,1
94.318,28.885,25,1
94.706,29.080,25,1
95.193,29.257,25,1
95.665,29.276,25,1
96.216,29.178,25,1
96.802,29.040,25,1
97.351,28.936,25,1
98.017,28.932,25,1
98.666,29.045,25,1
99.258,29.192,25,1
99.810,29.283,25,1
100.264,29.291,25,1
100.597,29.300,25,1
100.890,29.205,25,1
101.020,29.048,25,1
101.070,28.822,25,1
101.041,28.565,25,1
100.931,28.294,25,1
100.786,28.041,25,1
100.481,27.789,25,1
100.225,27.575,25,1
100.060,27.284,25,1
99.958,27.081,25,1
99.966,26.737,25,1
100.055,26.443,25,1
100.197,26.082,25,1
100.337,25.753,25,1
100.500,25.475,25,1
100.549,25.148,25,1
100.575,24.769,25,1
100.525,24.395,25,1
100.457,24.052,25,1
100.296,23.628,25,1
100.249,23.251,25,1
100.235,22.825,25,1
100.339,22.529,25,1
100.539,22.285,25,1
100.976,22.051,25,1
101.360,21.883,25,1
101.834,21.664,25,1
102.119,21.341,25,1
102.233,20.962,25,1
102.438,20.558,25,1
102.704,20.307,25,1
102.970,20.036,25,1
103.175,19.725,25,1
103.259,19.453,25,1
103.289,19.166,25,1
103.232,18.953,25,1
103.048,18.807,25,1
102.815,18.722,25,1
102.621,18.635,25,1
102.409,18.585,25,1
102.127,18.467,25,1
101.901,18.278,25,1
101.710,18.002,25,1
101.642,17.639,25,1
101.609,17.330,25,1
101.599,17.034,25,1
101.564,16.745,25,1
101.544,16.342,25,1
101.552,15.949,25,1
100.689,15.868,25,0
98.734,15.534,25,0
96.920,15.178,25,0
95.040,14.497,25,0
93.838,16.492,25,0
92.368,19.010,25,0
91.357,20.818,25,0
90.043,23.037,25,0
88.653,25.498,25,0
91.386,26.220,25,0
95.715,2.579,26,1
95.911,2.108,26,1
96.058,1.629,26,1
96.171,1.162,26,1
96.284,0.715,26,1
96.352,0.233,26,1
96.417,-0.279,26,1
96.431,-0.841,26,1
96.397,-1.194,26,1
96.399,-1.434,26,1
96.479,-1.706,26,1
96.670,-1.929,26,1
96.993,-2.044,26,1
97.347,-2.060,26,1
97.587,-1.963,26,1
97.764,-1.805,26,1
97.861,-1.533,26,1
97.958,-1.291,26,1
98.121,-1.068,26,1
98.343,-0.956,26,1
98.601,-0.940,26,1
98.857,-1.020,26,1
99.211,-1.166,26,1
99.629,-1.325,26,1
100.110,-1.487,26,1
100.558,-1.647,26,1
100.991,-1.824,26,1
101.473,-1.967,26,1
101.986,-2.128,26,1
102.484,-2.224,26,1
102.982,-2.353,26,1
103.526,-2.464,26,1
103.911,-2.591,26,1
104.185,-2.703,26,1
104.427,-2.913,26,1
104.668,-3.185,26,1
104.799,-3.489,26,1
105.008,-4.018,26,1
105.843,-3.698,26,0
106.983,-2.895,26,0
108.477,-1.624,26,0
106.413,-0.330,26,0
104.023,1.063,26,0
101.231,3.146,26,0
100.312,5.225,26,0
98.382,4.405,26,0
96.309,3.266,26,0
101.552,15.949,27,1
101.607,15.640,27,1
101.680,15.333,27,1
101.808,15.133,27,1
102.107,14.913,27,1
102.440,14.799,27,1
102.759,14.779,27,1
103.079,14.883,27,1
103.306,15.117,27,1
103.501,15.401,27,1
103.710,15.597,27,1
103.957,15.740,27,1
104.298,15.733,27,1
104.574,15.566,27,1
104.759,15.310,27,1
104.866,15.071,27,1
104.913,14.727,27,1
104.884,14.383,27,1
104.802,14.132,27,1
104.628,13.773,27,1
104.227,13.347,27,1
103.827,12.956,27,1
103.360,12.730,27,1
103.022,12.552,27,1
102.706,12.356,27,1
102.257,12.127,27,1
102.034,11.913,27,1
101.793,11.698,27,1
101.625,11.465,27,1
101.547,11.193,27,1
101.511,10.977,27,1
101.657,10.760,27,1
101.896,10.668,27,1
102.243,10.701,27,1
102.668,10.768,27,1
103.094,10.890,27,1
103.499,10.972,27,1
103.906,11.058,27,1
104.276,11.068,27,1
104.626,10.993,27,1
104.956,10.841,27,1
105.193,10.583,27,1
105.447,10.324,27,1
105.697,9.992,27,1
105.785,9.775,27,1
105.928,9.446,27,1
106.049,9.118,27,1
106.210,8.752,27,1
106.313,8.423,27,1
106.436,8.058,27,1
106.518,7.618,27,1
106.627,7.383,27,1
106.842,7.176,27,1
106.950,7.010,27,1
106.965,6.813,27,1
106.924,6.557,27,1
106.794,6.343,27,1
106.609,6.128,27,1
106.566,5.842,27,1
106.599,5.477,27,1
106.742,5.254,27,1
106.263,4.883,27,0
105.036,4.348,27,0
103.677,3.790,27,0
102.277,3.280,27,0
101.098,2.906,27,0
100.143,4.851,27,0
99.090,6.938,27,0
98.009,9.139,27,0
96.986,11.157,27,0
96.081,12.846,27,0
94.981,14.990,27,0
96.924,15.554,27,0
100.207,16.035,27,0
105.008,-4.018,28,1
105.219,-4.456,28,1
105.463,-5.020,28,1
105.584,-5.479,28,1
105.617,-5.847,28,1
105.524,-6.318,28,1
105.343,-6.896,28,1
105.073,-7.384,28,1
104.797,-8.016,28,1
104.504,-8.608,28,1
104.249,-9.045,28,1
103.992,-9.342,28,1
103.807,-9.726,28,1
103.731,-10.023,28,1
103.744,-10.287,28,1
103.808,-10.585,28,1
103.928,-10.871,28,1
103.958,-11.135,28,1
103.952,-11.487,28,1
105.026,-11.399,28,0
106.513,-10.846,28,0
107.921,-10.011,28,0
109.617,-9.027,28,0
109.280,-7.104,28,0
108.816,-5.020,28,0
108.535,-3.239,28,0
108.342,-1.529,28,0
107.307,-2.115,28,0
105.306,-3.473,28,0
106.742,5.254,29,1
106.868,5.113,29,1
107.101,4.961,29,1
107.362,4.867,29,1
107.623,4.827,29,1
107.854,4.814,29,1
108.113,4.894,29,1
108.360,5.045,29,1
108.661,5.276,29,1
108.924,5.658,29,1
109.239,6.081,29,1
109.502,6.504,29,1
109.669,6.915,29,1
109.839,7.337,29,1
110.071,7.609,29,1
110.309,7.924,29,1
110.533,8.157,29,1
110.741,8.306,29,1
110.905,8.361,29,1
111.084,8.361,29,1
111.179,8.234,29,1
111.234,8.045,29,1
111.273,7.838,29,1
111.300,7.648,29,1
111.352,7.414,29,1
111.449,7.250,29,1
111.584,7.099,29,1
111.734,6.894,29,1
111.843,6.673,29,1
111.894,6.413,29,1
111.906,6.184,29,1
111.821,5.869,29,1
111.681,5.581,29,1
111.473,5.324,29,1
111.346,5.024,29,1
111.208,4.683,29,1
111.124,4.275,29,1
111.080,3.865,29,1
111.109,3.552,29,1
111.176,3.292,29,1
111.284,3.087,29,1
111.432,2.911,29,1
111.666,2.800,29,1
111.885,2.757,29,1
112.077,2.796,29,1
112.323,2.880,29,1
112.516,2.961,29,1
112.751,3.039,29,1
112.900,3.095,29,1
113.121,3.160,29,1
113.340,3.173,29,1
113.545,3.077,29,1
113.712,2.900,29,1
113.790,2.705,29,1
113.886,2.434,29,1
113.926,2.064,29,1
114.019,1.478,29,1
114.088,0.879,29,1
114.140,0.373,29,1
114.197,-0.023,29,1
114.280,-0.610,29,1
114.417,-0.954,29,1
114.498,-1.273,29,1
114.528,-1.718,29,1
113.664,-1.645,29,0
111.472,-1.787,29,0
109.940,-1.849,29,0
108.113,-1.751,29,0
106.093,-0.438,29,0
104.551,0.473,29,0
102.827,1.558,29,0
101.053,3.036,29,0
102.407,3.616,29,0
104.271,4.399,29,0
105.964,5.154,29,0
103.952,-11.487,30,1
103.886,-11.893,30,1
103.737,-12.289,30,1
103.619,-12.750,30,1
103.596,-13.165,30,1
103.697,-13.585,30,1
103.834,-13.940,30,1
104.053,-14.161,30,1
104.400,-14.336,30,1
104.747,-14.450,30,1
105.064,-14.531,30,1
105.301,-14.703,30,1
105.523,-14.968,30,1
105.599,-15.231,30,1
105.594,-15.447,30,1
105.513,-15.660,30,1
105.400,-15.830,30,1
105.236,-16.041,30,1
105.168,-16.228,30,1
105.066,-16.487,30,1
105.063,-16.732,30,1
105.171,-16.982,30,1
105.378,-17.200,30,1
105.634,-17.325,30,1
105.891,-17.391,30,1
106.215,-17.408,30,1
106.505,-17.365,30,1
106.860,-17.322,30,1
107.104,-17.325,30,1
107.489,-17.372,30,1
107.878,-17.403,30,1
108.376,-17.465,30,1
108.716,-17.604,30,1
108.973,-17.791,30,1
109.218,-18.064,30,1
109.916,-17.878,30,0
110.716,-17.403,30,0
111.466,-16.870,30,0
112.664,-15.998,30,0
111.866,-14.710,30,0
111.102,-13.079,30,0
110.352,-11.267,30,0
109.542,-8.928,30,0
107.892,-9.815,30,0
106.025,-10.729,30,0
104.415,-11.193,30,0
114.528,-1.718,31,1
114.563,-2.000,31,1
114.658,-2.309,31,1
114.848,-2.613,31,1
115.059,-2.922,31,1
115.156,-3.283,31,1
115.156,-3.610,31,1
115.178,-4.068,31,1
115.180,-4.549,31,1
115.219,-5.102,31,1
115.277,-5.771,31,1
115.321,-6.534,31,1
115.401,-7.181,31,1
115.386,-7.869,31,1
115.349,-8.252,31,1
115.216,-8.598,31,1
115.121,-8.960,31,1
115.048,-9.340,31,1
114.897,-9.859,31,1
114.683,-10.145,31,1
114.510,-10.469,31,1
114.397,-10.834,31,1
114.399,-11.197,31,1
114.498,-11.576,31,1
114.636,-11.922,31,1
114.892,-12.189,31,1
115.246,-12.512,31,1
115.718,-12.852,31,1
116.175,-13.192,31,1
116.770,-13.606,31,1
116.365,-14.245,31,0
115.136,-15.135,31,0
113.932,-15.930,31,0
112.602,-16.351,31,0
111.598,-14.718,31,0
110.438,-12.300,31,0
109.642,-10.155,31,0
108.991,-7.534,31,0
108.471,-5.084,31,0
107.988,-1.377,31,0
109.730,-1.491,31,0
111.391,-1.387,31,0
113.568,-1.293,31,0
109.218,-18.064,32,1
109.395,-18.403,32,1
109.526,-18.930,32,1
109.569,-19.382,32,1
109.634,-19.730,32,1
109.713,-20.164,32,1
109.884,-20.603,32,1
110.062,-21.026,32,1
110.271,-21.515,32,1
110.540,-21.952,32,1
110.826,-22.479,32,1
111.133,-22.901,32,1
111.464,-23.340,32,1
111.837,-23.674,32,1
112.154,-24.007,32,1
112.490,-24.356,32,1
112.865,-24.690,32,1
113.206,-25.057,32,1
113.569,-25.473,32,1
113.814,-25.853,32,1
113.988,-26.303,32,1
114.221,-26.965,32,1
114.513,-27.572,32,1
115.930,-26.972,32,0
117.807,-25.571,32,0
118.959,-24.031,32,0
120.117,-22.679,32,0
118.394,-21.141,32,0
116.568,-19.724,32,0
114.668,-17.886,32,0
112.487,-15.807,32,0
111.071,-16.622,32,0
109.802,-17.443,32,0
116.770,-13.606,33,1
117.300,-13.847,33,1
117.923,-14.073,33,1
118.601,-14.383,33,1
119.302,-14.689,33,1
119.968,-14.991,33,1
120.582,-15.262,33,1
121.309,-15.609,33,1
122.000,-16.028,33,1
122.519,-16.411,33,1
122.999,-16.778,33,1
123.409,-17.147,33,1
123.897,-17.492,33,1
124.279,-17.946,33,1
124.610,-18.384,33,1
124.961,-18.836,33,1
125.241,-19.309,33,1
125.433,-19.802,33,1
124.855,-20.158,33,0
123.104,-20.951,33,0
121.936,-21.675,33,0
119.865,-22.757,33,0
117.776,-21.005,33,0
115.793,-19.373,33,0
113.937,-17.633,33,0
112.325,-15.964,33,0
113.544,-15.423,33,0
115.854,-13.963,33,0
114.513,-27.572,34,1
114.719,-27.861,34,1
114.970,-28.228,34,1
115.292,-28.532,34,1
115.662,-28.675,34,1
116.099,-28.715,34,1
116.467,-28.631,34,1
116.907,-28.445,34,1
117.226,-28.258,34,1
117.638,-28.110,34,1
118.051,-28.062,34,1
118.397,-28.116,34,1
118.656,-28.291,34,1
118.872,-28.531,34,1
119.041,-28.830,34,1
119.151,-29.295,34,1
119.163,-29.600,34,1
119.151,-29.962,34,1
119.141,-30.290,34,1
119.202,-30.673,34,1
119.333,-30.994,34,1
119.470,-31.457,34,1
119.655,-31.856,34,1
119.792,-32.217,34,1
119.937,-32.701,34,1
120.119,-32.958,34,1
120.344,-33.093,34,1
120.660,-33.104,34,1
120.778,-33.039,34,1
120.841,-32.851,34,1
120.845,-32.547,34,1
120.756,-32.244,34,1
120.690,-31.964,34,1
120.655,-31.763,34,1
120.709,-31.457,34,1
120.820,-31.270,34,1
120.931,-31.143,34,1
121.141,-31.073,34,1
121.358,-31.124,34,1
121.532,-31.241,34,1
121.715,-31.454,34,1
121.897,-31.690,34,1
122.008,-31.929,34,1
122.098,-32.148,34,1
122.124,-32.492,34,1
122.125,-32.837,34,1
122.055,-33.189,34,1
121.892,-33.663,34,1
121.804,-34.115,34,1
121.862,-34.541,34,1
121.890,-34.908,34,1
122.052,-35.370,34,1
122.243,-35.872,34,1
123.244,-35.535,34,0
124.667,-34.530,34,0
125.989,-33.540,34,0
127.765,-31.865,34,0
125.755,-29.727,34,0
123.547,-27.519,34,0
121.505,-25.046,34,0
119.802,-22.444,34,0
118.605,-23.908,34,0
117.157,-25.155,34,0
115.046,-26.951,34,0
125.433,-19.802,35,1
125.653,-20.292,35,1
125.946,-20.807,35,1
126.218,-21.304,35,1
126.436,-21.796,35,1
126.654,-22.475,35,1
126.735,-22.931,35,1
126.677,-23.334,35,1
126.619,-23.682,35,1
126.559,-23.847,35,1
126.461,-24.103,35,1
126.380,-24.323,35,1
126.323,-24.542,35,1
126.281,-24.815,35,1
126.322,-25.089,35,1
126.400,-25.362,35,1
126.585,-25.564,35,1
126.750,-25.727,35,1
127.012,-25.872,35,1
127.418,-25.888,35,1
127.786,-25.883,35,1
128.108,-25.824,35,1
128.534,-25.763,35,1
128.896,-25.738,35,1
129.423,-25.725,35,1
129.871,-25.771,35,1
130.384,-25.864,35,1
130.774,-26.016,35,1
131.196,-26.293,35,1
131.536,-26.574,35,1
131.855,-26.836,35,1
132.249,-27.257,35,1
132.417,-27.688,35,1
132.569,-28.122,35,1
132.580,-28.668,35,1
132.549,-29.165,35,1
132.490,-29.550,35,1
132.385,-30.144,35,1
131.543,-30.357,35,0
130.333,-30.872,35,0
129.028,-31.397,35,0
127.538,-31.987,35,0
125.572,-30.054,35,0
123.371,-27.892,35,0
121.459,-25.651,35,0
119.643,-22.613,35,0
121.251,-21.472,35,0
123.871,-19.905,35,0
122.243,-35.872,36,1
122.442,-36.300,36,1
122.599,-36.802,36,1
122.645,-37.289,36,1
122.623,-37.884,36,1
122.465,-38.369,36,1
122.303,-38.800,36,1
122.074,-39.050,36,1
121.657,-39.155,36,1
121.173,-39.133,36,1
120.688,-38.982,36,1
120.165,-38.794,36,1
119.643,-38.637,36,1
119.034,-38.403,36,1
118.294,-38.108,36,1
117.670,-37.848,36,1
117.029,-37.601,36,1
116.585,-37.469,36,1
116.115,-37.389,36,1
115.774,-37.421,36,1
115.634,-37.448,36,1
115.460,-37.598,36,1
115.398,-37.776,36,1
115.351,-38.025,36,1
115.395,-38.281,36,1
115.577,-38.544,36,1
115.781,-38.810,36,1
116.022,-38.950,36,1
116.397,-39.189,36,1
116.934,-39.433,36,1
117.381,-39.707,36,1
117.849,-40.032,36,1
118.251,-40.389,36,1
118.535,-40.775,36,1
118.730,-41.087,36,1
118.855,-41.415,36,1
118.861,-41.739,36,1
118.815,-42.113,36,1
118.795,-42.472,36,1
118.869,-42.886,36,1
118.989,-43.356,36,1
119.069,-43.682,36,1
119.144,-44.115,36,1
119.166,-44.636,36,1
119.258,-45.194,36,1
119.202,-45.732,36,1
119.097,-46.196,36,1
119.026,-46.499,36,1
118.832,-46.691,36,1
118.484,-46.787,36,1
118.151,-46.705,36,1
117.857,-46.461,36,1
117.573,-46.109,36,1
117.442,-45.834,36,1
117.277,-45.681,36,1
117.085,-45.528,36,1
116.784,-45.460,36,1
116.500,-45.466,36,1
116.256,-45.597,36,1
116.190,-45.718,36,1
116.148,-45.863,36,1
116.141,-46.150,36,1
116.173,-46.548,36,1
116.232,-46.947,36,1
116.368,-47.370,36,1
116.539,-47.737,36,1
116.788,-48.146,36,1
117.216,-48.454,36,1
117.600,-48.704,36,1
118.254,-49.034,36,1
118.951,-49.217,36,1
119.633,-49.289,36,1
120.374,-49.302,36,1
121.013,-49.203,36,1
121.592,-48.992,36,1
122.169,-48.634,36,1
122.518,-48.220,36,1
122.704,-47.660,36,1
122.888,-47.338,36,1
123.121,-46.904,36,1
123.404,-46.562,36,1
123.659,-46.274,36,1
123.885,-46.056,36,1
124.190,-45.815,36,1
124.618,-45.611,36,1
124.972,-45.478,36,1
125.303,-45.490,36,1
125.450,-45.569,36,1
126.086,-45.257,36,0
127.605,-44.081,36,0
126.456,-41.096,36,0
125.915,-38.480,36,0
125.797,-35.890,36,0
125.443,-33.650,36,0
123.982,-34.499,36,0
122.842,-35.279,36,0
132.385,-30.144,37,1
132.349,-30.685,37,1
132.344,-31.425,37,1
132.281,-32.044,37,1
132.275,-32.661,37,1
132.271,-33.374,37,1
132.263,-33.942,37,1
132.259,-34.583,37,1
132.250,-35.173,37,1
132.306,-35.859,37,1
132.365,-36.589,37,1
132.568,-37.221,37,1
132.839,-37.921,37,1
133.184,-38.736,37,1
133.425,-39.224,37,1
133.680,-39.877,37,1
133.844,-40.460,37,1
133.818,-40.982,37,1
133.674,-41.625,37,1
133.597,-42.361,37,1
133.545,-42.979,37,1
133.401,-43.718,37,1
133.278,-44.292,37,1
132.321,-44.384,37,0
130.027,-44.423,37,0
128.345,-44.370,37,0
127.085,-44.303,37,0
126.450,-42.200,37,0
125.894,-40.285,37,0
125.650,-38.765,37,0
125.438,-37.264,37,0
125.289,-35.523,37,0
125.230,-33.787,37,0
126.324,-32.837,37,0
127.484,-31.766,37,0
129.301,-30.902,37,0
131.239,-30.190,37,0
125.450,-45.569,38,1
125.482,-45.720,38,1
125.315,-45.909,38,1
125.177,-46.162,38,1
124.998,-46.480,38,1
124.876,-46.841,38,1
124.793,-47.140,38,1
124.829,-47.489,38,1
124.930,-47.875,38,1
125.123,-48.271,38,1
125.362,-48.602,38,1
125.701,-48.914,38,1
126.140,-49.181,38,1
126.619,-49.472,38,1
127.174,-49.780,38,1
127.596,-50.195,38,1
127.956,-50.648,38,1
128.356,-51.251,38,1
128.731,-51.874,38,1
129.050,-52.519,38,1
129.268,-53.117,38,1
129.527,-53.675,38,1
129.720,-54.125,38,1
130.059,-54.551,38,1
131.514,-54.122,38,0
133.538,-53.199,38,0
131.819,-50.698,38,0
129.830,-48.135,38,0
128.279,-45.707,38,0
127.312,-43.991,38,0
125.670,-45.100,38,0
133.278,-44.292,39,1
133.237,-44.756,39,1
133.211,-45.084,39,1
133.255,-45.460,39,1
133.313,-45.788,39,1
133.374,-46.113,39,1
133.557,-46.381,39,1
133.830,-46.593,39,1
134.118,-46.697,39,1
134.456,-46.761,39,1
134.847,-46.788,39,1
135.222,-46.788,39,1
135.631,-46.788,39,1
135.950,-46.815,39,1
136.152,-46.880,39,1
136.415,-47.039,39,1
136.574,-47.217,39,1
136.612,-47.445,39,1
136.527,-47.716,39,1
136.329,-47.932,39,1
136.109,-48.135,39,1
135.840,-48.437,39,1
135.604,-48.686,39,1
135.290,-48.914,39,1
135.080,-49.150,39,1
134.871,-49.362,39,1
134.739,-49.633,39,1
134.635,-49.855,39,1
134.576,-50.109,39,1
134.590,-50.355,39,1
134.624,-50.595,39,1
134.750,-50.813,39,1
135.053,-51.012,39,1
135.336,-51.174,39,1
135.752,-51.296,39,1
135.476,-51.841,39,0
134.596,-52.556,39,0
133.341,-53.271,39,0
132.274,-51.817,39,0
130.920,-49.968,39,0
129.676,-48.275,39,0
128.653,-46.855,39,0
127.835,-45.431,39,0
127.162,-44.123,39,0
129.332,-44.088,39,0
131.259,-44.057,39,0
132.747,-44.118,39,0
130.059,-54.551,40,1
130.456,-55.128,40,1
130.969,-55.763,40,1
131.386,-56.238,40,1
131.958,-56.872,40,1
132.453,-57.459,40,1
133.018,-57.915,40,1
133.598,-58.371,40,1
134.148,-58.878,40,1
134.798,-59.254,40,1
135.528,-59.757,40,1
136.392,-60.317,40,1
137.325,-60.777,40,1
138.244,-61.269,40,1
138.956,-61.681,40,1
139.766,-62.050,40,1
140.629,-62.376,40,1
141.424,-62.627,40,1
142.518,-62.845,40,1
143.441,-62.948,40,1
144.632,-62.331,40,0
146.581,-60.398,40,0
148.147,-58.342,40,0
149.533,-56.312,40,0
143.782,-55.534,40,0
139.217,-54.588,40,0
135.966,-53.746,40,0
133.509,-52.976,40,0
130.487,-54.128,40,0
135.752,-51.296,41,1
136.386,-51.444,41,1
137.171,-51.556,41,1
137.678,-51.569,41,1
138.330,-51.594,41,1
138.970,-51.516,41,1
139.366,-51.446,41,1
139.769,-51.298,41,1
139.949,-51.030,41,1
139.980,-50.775,41,1
139.929,-50.457,41,1
139.961,-50.182,41,1
140.105,-49.912,41,1
140.336,-49.626,41,1
140.644,-49.398,41,1
140.995,-49.266,41,1
141.489,-49.115,41,1
141.946,-49.039,41,1
142.397,-49.016,41,1
142.741,-48.933,41,1
143.002,-48.755,41,1
143.122,-48.553,41,1
143.297,-48.298,41,1
143.641,-48.027,41,1
144.004,-47.866,41,1
144.528,-47.762,41,1
145.074,-47.673,41,1
145.567,-47.616,41,1
146.114,-47.558,41,1
146.629,-47.443,41,1
146.951,-47.218,41,1
147.074,-46.939,41,1
147.172,-46.570,41,1
147.238,-46.180,41,1
147.436,-45.824,41,1
147.874,-45.519,41,1
148.238,-45.418,41,1
148.758,-45.328,41,1
149.437,-45.246,41,1
150.219,-45.196,41,1
150.870,-45.165,41,1
151.292,-45.178,41,1
151.771,-45.244,41,1
152.239,-45.399,41,1
152.609,-45.596,41,1
152.908,-45.835,41,1
153.129,-46.099,41,1
153.328,-46.344,41,1
153.592,-46.659,41,1
153.904,-46.912,41,1
154.209,-47.109,41,1
154.636,-47.204,41,1
155.243,-47.358,41,1
155.698,-47.425,41,1
156.218,-47.525,41,1
156.747,-47.659,41,1
157.192,-47.891,41,1
157.498,-48.119,41,1
157.732,-48.393,41,1
157.862,-48.677,41,1
157.885,-48.992,41,1
157.859,-49.347,41,1
157.678,-49.650,41,1
157.493,-49.967,41,1
157.304,-50.269,41,1
157.230,-50.649,41,1
157.240,-51.041,41,1
157.442,-51.356,41,1
157.869,-51.590,41,1
157.320,-52.263,41,0
155.827,-53.005,41,0
154.353,-53.821,41,0
152.902,-54.585,41,0
151.298,-55.577,41,0
149.231,-56.589,41,0
145.235,-56.004,41,0
141.594,-55.415,41,0
138.301,-54.661,41,0
135.572,-53.866,41,0
133.275,-53.098,41,0
134.493,-52.220,41,0
135.168,-51.585,41,0
143.441,-62.948,42,1
144.311,-63.000,42,1
144.943,-63.086,42,1
145.478,-63.182,42,1
145.873,-63.370,42,1
146.014,-63.600,42,1
145.971,-63.898,42,1
145.555,-64.143,42,1
145.045,-64.269,42,1
144.430,-64.381,42,1
143.883,-64.455,42,1
143.416,-64.560,42,1
143.137,-64.685,42,1
142.978,-64.863,42,1
142.976,-65.038,42,1
143.123,-65.229,42,1
143.394,-65.389,42,1
143.873,-65.567,42,1
144.349,-65.746,42,1
144.993,-65.936,42,1
145.786,-66.263,42,1
146.514,-66.540,42,1
147.223,-66.875,42,1
148.072,-67.323,42,1
148.796,-67.712,42,1
149.785,-68.240,42,1
150.517,-68.771,42,1
151.342,-69.299,42,1
152.021,-69.841,42,1
152.700,-70.465,42,1
153.291,-71.100,42,1
153.975,-71.549,42,1
154.967,-71.934,42,1
156.302,-72.232,42,1
157.811,-72.503,42,1
159.369,-72.654,42,1
161.355,-72.638,42,1
163.194,-72.587,42,1
164.878,-72.526,42,1
166.833,-72.435,42,1
168.279,-72.352,42,1
169.784,-72.255,42,1
171.766,-72.138,42,1
172.748,-70.974,42,0
173.875,-68.887,42,0
174.614,-67.082,42,0
175.349,-65.112,42,0
176.233,-63.027,42,0
176.738,-61.690,42,0
170.798,-61.273,42,0
164.737,-60.432,42,0
159.396,-59.391,42,0
154.352,-58.210,42,0
148.995,-56.276,42,0
147.207,-58.425,42,0
145.255,-60.467,42,0
143.411,-62.170,42,0
157.869,-51.590,43,1
158.322,-51.695,43,1
158.999,-51.738,43,1
159.768,-51.743,43,1
160.484,-51.707,43,1
161.063,-51.548,43,1
161.758,-51.300,43,1
162.307,-51.042,43,1
162.939,-50.693,43,1
163.528,-50.358,43,1
164.200,-49.964,43,1
164.804,-49.623,43,1
165.426,-49.294,43,1
165.929,-49.092,43,1
166.480,-48.868,43,1
167.032,-48.698,43,1
167.606,-48.578,43,1
168.379,-48.505,43,1
169.141,-48.389,43,1
169.718,-48.314,43,1
170.477,-48.226,43,1
170.999,-48.199,43,1
171.413,-48.213,43,1
171.757,-48.324,43,1
172.002,-48.513,43,1
172.071,-48.822,43,1
171.916,-49.143,43,1
171.727,-49.432,43,1
171.451,-49.743,43,1
171.292,-50.066,43,1
171.049,-50.444,43,1
170.877,-50.730,43,1
170.624,-51.073,43,1
170.479,-51.354,43,1
170.392,-51.652,43,1
170.345,-52.021,43,1
170.528,-52.325,43,1
170.843,-52.476,43,1
171.185,-52.551,43,1
171.605,-52.547,43,1
172.082,-52.486,43,1
172.489,-52.389,43,1
173.101,-52.275,43,1
173.677,-52.126,43,1
174.287,-52.023,43,1
174.980,-51.877,43,1
175.679,-51.781,43,1
176.283,-51.668,43,1
177.048,-51.499,43,1
178.124,-51.297,43,1
178.131,-52.065,43,0
177.736,-53.733,43,0
177.270,-55.538,43,0
176.978,-57.490,43,0
176.774,-58.962,43,0
176.591,-60.822,43,0
176.498,-61.964,43,0
170.731,-61.556,43,0
166.548,-60.992,43,0
162.020,-60.294,43,0
158.163,-59.434,43,0
153.610,-58.311,43,0
150.183,-57.198,43,0
148.355,-56.392,43,0
151.145,-55.180,43,0
153.756,-53.672,43,0
156.413,-52.111,43,0
171.766,-72.138,44,1
173.424,-72.028,44,1
174.625,-71.833,44,1
175.800,-71.626,44,1
177.232,-71.289,44,1
178.319,-71.109,44,1
179.413,-70.988,44,1
180.585,-70.925,44,1
181.860,-70.904,44,1
183.116,-70.914,44,1
184.360,-70.956,44,1
185.415,-71.006,44,1
186.395,-71.130,44,1
186.938,-71.262,44,1
187.296,-71.452,44,1
187.404,-71.637,44,1
187.106,-71.841,44,1
186.483,-71.993,44,1
185.796,-72.141,44,1
184.888,-72.304,44,1
184.437,-72.417,44,1
183.867,-72.584,44,1
183.691,-72.806,44,1
183.813,-73.036,44,1
184.182,-73.193,44,1
184.793,-73.288,44,1
185.482,-73.388,44,1
186.381,-73.508,44,1
187.433,-73.646,44,1
188.515,-73.739,44,1
189.385,-73.846,44,1
190.121,-73.990,44,1
191.094,-74.255,44,1
192.096,-74.474,44,1
193.284,-74.687,44,1
194.735,-74.888,44,1
196.049,-75.026,44,1
197.471,-75.173,44,1
198.805,-75.253,44,1
200.033,-75.267,44,1
201.638,-75.133,44,1
202.559,-74.959,44,1
203.641,-74.728,44,1
204.621,-74.416,44,1
205.428,-73.960,44,1
205.940,-73.542,44,1
206.381,-72.997,44,1
206.748,-72.480,44,1
207.196,-71.994,44,1
207.312,-71.539,44,1
207.481,-71.138,44,1
208.076,-70.720,44,1
208.613,-70.325,44,1
209.144,-69.945,44,1
209.976,-69.574,44,1
210.595,-69.263,44,1
211.345,-68.910,44,1
212.215,-68.576,44,1
213.463,-68.201,44,1
212.710,-67.230,44,0
211.152,-65.452,44,0
209.709,-63.593,44,0
208.786,-62.233,44,0
207.932,-60.739,44,0
202.040,-61.464,44,0
195.488,-61.955,44,0
188.704,-62.153,44,0
181.043,-61.873,44,0
175.697,-61.635,44,0
174.300,-64.866,44,0
172.812,-67.723,44,0
171.362,-70.922,44,0
178.124,-51.297,45,1
179.253,-51.109,45,1
180.465,-50.921,45,1
181.377,-50.752,45,1
182.284,-50.576,45,1
183.043,-50.480,45,1
183.676,-50.369,45,1
184.298,-50.313,45,1
184.795,-50.266,45,1
185.342,-50.277,45,1
185.707,-50.317,45,1
185.969,-50.410,45,1
186.109,-50.535,45,1
186.150,-50.732,45,1
186.010,-50.902,45,1
185.762,-51.143,45,1
185.432,-51.302,45,1
184.944,-51.453,45,1
184.512,-51.622,45,1
184.075,-51.790,45,1
183.634,-51.957,45,1
183.258,-52.087,45,1
182.913,-52.240,45,1
182.718,-52.402,45,1
182.643,-52.631,45,1
182.668,-52.829,45,1
183.000,-52.970,45,1
183.416,-53.018,45,1
183.904,-52.994,45,1
184.572,-52.898,45,1
185.368,-52.767,45,1
186.053,-52.681,45,1
186.804,-52.578,45,1
187.451,-52.524,45,1
188.061,-52.484,45,1
188.638,-52.421,45,1
189.277,-52.357,45,1
189.725,-52.402,45,1
190.070,-52.484,45,1
190.388,-52.661,45,1
190.479,-52.838,45,1
190.445,-53.070,45,1
190.341,-53.265,45,1
190.044,-53.478,45,1
189.610,-53.686,45,1
189.141,-53.950,45,1
188.598,-54.193,45,1
188.180,-54.416,45,1
187.658,-54.673,45,1
187.099,-54.870,45,1
186.636,-55.069,45,1
186.166,-55.262,45,1
185.699,-55.435,45,1
185.283,-55.690,45,1
184.968,-55.907,45,1
184.656,-56.126,45,1
184.499,-56.408,45,1
184.526,-56.665,45,1
184.597,-56.844,45,1
184.832,-56.953,45,1
185.184,-56.992,45,1
185.652,-56.973,45,1
186.194,-56.920,45,1
186.885,-56.849,45,1
187.497,-56.770,45,1
188.213,-56.672,45,1
188.895,-56.531,45,1
189.603,-56.407,45,1
190.312,-56.279,45,1
191.082,-56.066,45,1
191.776,-55.874,45,1
192.428,-55.691,45,1
193.074,-55.511,45,1
193.742,-55.262,45,1
194.376,-55.075,45,1
195.076,-54.917,45,1
195.833,-54.735,45,1
196.624,-54.563,45,1
197.800,-54.349,45,1
198.905,-54.142,45,1
200.062,-53.924,45,1
201.158,-53.757,45,1
202.208,-53.561,45,1
203.210,-53.442,45,1
204.259,-53.265,45,1
205.432,-53.086,45,1
206.168,-53.747,45,0
206.610,-55.362,45,0
207.527,-57.418,45,0
208.180,-59.015,45,0
208.410,-60.893,45,0
201.918,-61.763,45,0
193.530,-62.328,45,0
186.933,-62.446,45,0
180.992,-62.294,45,0
175.531,-61.921,45,0
176.067,-59.629,45,0
176.399,-57.064,45,0
176.804,-54.324,45,0
177.447,-52.044,45,0
213.463,-68.201,46,1
214.838,-68.023,46,1
216.017,-67.929,46,1
217.399,-67.901,46,1
218.442,-67.857,46,1
219.577,-67.871,46,1
220.706,-67.895,46,1
222.116,-68.029,46,1
223.290,-68.174,46,1
224.599,-68.313,46,1
226.042,-68.479,46,1
227.417,-68.656,46,1
228.651,-68.763,46,1
230.567,-68.918,46,1
231.042,-68.240,46,0
230.998,-66.747,46,0
230.631,-65.197,46,0
230.444,-63.888,46,0
225.185,-63.995,46,0
220.135,-63.771,46,0
214.822,-63.597,46,0
211.772,-63.812,46,0
209.377,-64.206,46,0
210.190,-65.509,46,0
211.772,-67.481,46,0
205.432,-53.086,47,1
206.247,-52.921,47,1
207.104,-52.775,47,1
207.946,-52.670,47,1
208.878,-52.447,47,1
209.672,-52.302,47,1
210.603,-52.253,47,1
211.287,-52.332,47,1
211.811,-52.492,47,1
212.371,-52.744,47,1
212.928,-53.109,47,1
213.340,-53.425,47,1
213.560,-53.759,47,1
213.945,-54.047,47,1
214.334,-54.310,47,1
214.933,-54.501,47,1
215.620,-54.529,47,1
216.105,-54.434,47,1
216.744,-54.290,47,1
217.179,-54.074,47,1
217.480,-53.627,47,1
217.619,-53.130,47,1
217.632,-52.543,47,1
217.531,-52.003,47,1
217.635,-51.699,47,1
217.921,-51.387,47,1
218.252,-51.240,47,1
218.804,-51.063,47,1
219.355,-50.950,47,1
219.680,-50.800,47,1
219.918,-50.557,47,1
220.005,-50.293,47,1
220.014,-49.963,47,1
219.876,-49.615,47,1
219.704,-49.315,47,1
219.282,-48.976,47,1
218.835,-48.658,47,1
218.393,-48.364,47,1
217.994,-48.139,47,1
217.601,-47.909,47,1
217.453,-47.699,47,1
217.372,-47.343,47,1
217.500,-47.034,47,1
217.696,-46.747,47,1
218.031,-46.551,47,1
218.366,-46.402,47,1
218.870,-46.245,47,1
219.369,-46.134,47,1
219.810,-46.141,47,1
220.194,-46.267,47,1
220.519,-46.490,47,1
220.753,-46.760,47,1
220.948,-47.038,47,1
221.116,-47.315,47,1
221.360,-47.678,47,1
221.712,-47.991,47,1
222.147,-48.368,47,1
222.508,-48.680,47,1
222.905,-48.960,47,1
223.415,-49.232,47,1
223.882,-49.412,47,1
224.370,-49.493,47,1
224.846,-49.502,47,1
225.676,-50.163,47,0
226.424,-51.967,47,0
222.985,-53.324,47,0
219.470,-54.612,47,0
215.862,-55.960,47,0
212.068,-57.101,47,0
207.437,-58.353,47,0
206.579,-56.614,47,0
205.435,-53.988,47,0
230.567,-68.918,48,1
232.566,-69.077,48,1
234.320,-69.238,48,1
236.140,-69.385,48,1
237.934,-69.538,48,1
239.361,-69.637,48,1
240.804,-69.663,48,1
242.565,-69.617,48,1
244.436,-69.447,48,1
245.893,-69.235,48,1
247.257,-68.932,48,1
248.516,-68.487,48,1
249.421,-67.966,48,1
250.019,-67.481,48,1
250.527,-66.891,48,1
251.145,-66.263,48,1
251.743,-65.645,48,1
252.516,-64.968,48,1
253.060,-64.256,48,1
253.441,-63.566,48,1
253.850,-62.963,48,1
254.145,-62.291,48,1
254.553,-61.514,48,1
253.265,-60.952,48,0
250.233,-60.287,48,0
247.481,-59.576,48,0
244.525,-58.596,48,0
242.739,-60.179,48,0
239.730,-61.860,48,0
237.138,-63.080,48,0
233.864,-63.422,48,0
229.876,-63.827,48,0
229.889,-66.045,48,0
229.741,-68.210,48,0
224.846,-49.502,49,1
225.743,-49.409,49,1
226.502,-49.270,49,1
227.311,-48.943,49,1
228.010,-48.584,49,1
228.735,-48.131,49,1
229.624,-47.609,49,1
230.329,-47.103,49,1
231.079,-46.522,49,1
231.594,-45.937,49,1
232.030,-45.304,49,1
232.165,-44.623,49,1
232.237,-44.099,49,1
232.055,-43.642,49,1
231.683,-43.273,49,1
231.221,-43.040,49,1
230.753,-42.963,49,1
230.259,-42.907,49,1
229.759,-42.940,49,1
229.355,-42.928,49,1
229.017,-42.824,49,1
228.812,-42.633,49,1
228.798,-42.382,49,1
228.943,-42.045,49,1
229.036,-41.547,49,1
229.250,-41.006,49,1
229.400,-40.418,49,1
229.583,-39.736,49,1
229.669,-39.189,49,1
229.780,-38.664,49,1
229.716,-38.137,49,1
229.653,-37.629,49,1
229.503,-37.092,49,1
229.524,-36.633,49,1
229.598,-36.246,49,1
229.777,-35.999,49,1
230.010,-35.819,49,1
230.323,-35.690,49,1
230.551,-35.648,49,1
230.798,-35.769,49,1
230.991,-35.936,49,1
231.126,-36.214,49,1
231.257,-36.587,49,1
231.446,-37.071,49,1
231.580,-37.579,49,1
231.831,-38.110,49,1
232.084,-38.708,49,1
232.461,-39.261,49,1
232.845,-39.675,49,1
233.201,-39.972,49,1
233.588,-40.107,49,1
234.154,-40.168,49,1
234.662,-40.208,49,1
235.167,-40.129,49,1
235.996,-39.972,49,1
236.637,-39.723,49,1
237.067,-39.453,49,1
237.601,-39.042,49,1
238.126,-38.581,49,1
238.504,-38.169,49,1
238.983,-37.770,49,1
239.747,-37.449,49,1
240.313,-37.316,49,1
240.861,-37.320,49,1
241.344,-37.490,49,1
241.586,-37.816,49,1
241.764,-38.330,49,1
241.741,-38.839,49,1
241.601,-39.381,49,1
241.480,-39.873,49,1
241.174,-40.541,49,1
240.872,-41.069,49,1
240.504,-41.806,49,1
240.301,-42.461,49,1
240.164,-43.133,49,1
239.993,-43.854,49,1
239.819,-44.778,49,1
239.643,-45.772,49,1
239.438,-46.514,49,1
239.208,-47.123,49,1
239.133,-47.630,49,1
239.160,-48.133,49,1
239.197,-48.702,49,1
239.263,-49.226,49,1
239.173,-49.617,49,1
238.943,-50.043,49,1
238.605,-50.518,49,1
238.451,-51.030,49,1
238.411,-51.607,49,1
238.483,-52.179,49,1
238.509,-52.681,49,1
238.370,-53.059,49,1
238.092,-53.299,49,1
237.613,-53.455,49,1
236.864,-53.663,49,1
235.757,-53.809,49,1
234.872,-53.844,49,1
234.065,-53.970,49,1
233.291,-54.160,49,1
232.430,-54.553,49,1
231.193,-54.126,49,0
227.941,-52.986,49,0
225.890,-52.018,49,0
224.842,-49.953,49,0
254.553,-61.514,50,1
255.048,-60.897,50,1
255.641,-60.242,50,1
256.087,-59.664,50,1
256.582,-59.281,50,1
257.401,-59.018,50,1
258.240,-58.911,50,1
259.300,-58.854,50,1
260.466,-58.808,50,1
261.296,-58.755,50,1
262.450,-58.578,50,1
263.394,-58.294,50,1
264.151,-57.856,50,1
264.795,-57.476,50,1
265.456,-56.877,50,1
265.925,-56.478,50,1
266.388,-55.940,50,1
266.756,-55.485,50,1
267.179,-54.987,50,1
267.614,-54.596,50,1
268.154,-54.092,50,1
268.572,-53.767,50,1
268.867,-53.422,50,1
269.251,-52.936,50,1
269.450,-52.404,50,1
269.484,-51.847,50,1
269.537,-51.248,50,1
269.583,-50.611,50,1
267.679,-50.281,50,0
264.902,-50.287,50,0
261.408,-50.354,50,0
259.079,-50.320,50,0
255.562,-50.204,50,0
253.742,-51.661,50,0
251.849,-53.169,50,0
249.748,-54.618,50,0
247.678,-55.966,50,0
245.916,-57.126,50,0
244.149,-58.696,50,0
246.353,-59.544,50,0
249.535,-60.495,50,0
253.102,-61.361,50,0
232.430,-54.553,51,1
231.457,-54.798,51,1
230.462,-55.117,51,1
229.328,-55.471,51,1
228.168,-55.887,51,1
227.246,-56.154,51,1
226.060,-56.387,51,1
224.823,-56.534,51,1
223.584,-56.624,51,1
222.706,-56.555,51,1
221.941,-56.582,51,1
221.401,-56.711,51,1
220.935,-56.891,51,1
220.622,-57.129,51,1
220.355,-57.345,51,1
220.108,-57.631,51,1
220.026,-57.950,51,1
219.962,-58.368,51,1
220.093,-58.730,51,1
220.241,-59.045,51,1
220.564,-59.393,51,1
220.906,-59.675,51,1
221.278,-59.883,51,1
221.656,-60.045,51,1
222.176,-60.260,51,1
222.884,-60.479,51,1
223.529,-60.603,51,1
224.424,-60.638,51,1
225.383,-60.551,51,1
225.974,-60.336,51,1
226.515,-60.020,51,1
227.190,-59.615,51,1
227.661,-59.273,51,1
228.261,-58.953,51,1
228.983,-58.703,51,1
229.698,-58.515,51,1
230.804,-58.412,51,1
231.069,-59.243,51,0
230.697,-61.014,51,0
230.587,-62.876,51,0
230.440,-64.177,51,0
226.052,-64.338,51,0
220.869,-64.192,51,0
216.281,-64.037,51,0
212.381,-64.128,51,0
209.514,-64.533,51,0
207.731,-62.469,51,0
207.228,-60.940,51,0
207.164,-58.012,51,0
211.628,-56.822,51,0
215.392,-55.723,51,0
219.204,-54.320,51,0
222.927,-52.829,51,0
226.354,-51.682,51,0
229.122,-52.887,51,0
231.761,-53.860,51,0
269.583,-50.611,52,1
269.660,-49.576,52,1
269.759,-48.503,52,1
269.883,-47.379,52,1
270.064,-46.705,52,1
270.344,-46.255,52,1
270.974,-45.700,52,1
271.731,-45.135,52,1
272.485,-44.718,52,1
271.437,-43.633,52,0
269.330,-42.732,52,0
266.270,-42.068,52,0
261.343,-41.054,52,0
259.579,-44.008,52,0
257.813,-46.559,52,0
255.457,-50.443,52,0
259.420,-50.955,52,0
267.470,-51.038,52,0
230.804,-58.412,53,1
231.368,-58.430,53,1
232.208,-58.515,53,1
232.970,-58.543,53,1
233.825,-58.545,53,1
234.598,-58.424,53,1
235.324,-58.251,53,1
235.915,-57.956,53,1
236.634,-57.540,53,1
237.466,-57.052,53,1
238.146,-56.559,53,1
238.973,-55.966,53,1
239.533,-55.468,53,1
240.207,-54.988,53,1
240.778,-54.458,53,1
241.478,-54.058,53,1
242.181,-53.662,53,1
242.450,-53.252,53,1
242.446,-52.876,53,1
242.544,-52.357,53,1
242.504,-51.653,53,1
242.370,-51.117,53,1
242.312,-50.533,53,1
242.380,-50.131,53,1
242.517,-49.651,53,1
242.728,-49.243,53,1
243.154,-48.867,53,1
243.429,-48.474,53,1
243.839,-48.048,53,1
244.045,-47.753,53,1
244.269,-47.287,53,1
244.423,-46.874,53,1
244.745,-46.425,53,1
246.402,-46.696,53,0
249.576,-47.853,53,0
251.838,-48.765,53,0
256.001,-50.174,53,0
254.019,-51.916,53,0
251.078,-54.310,53,0
247.958,-56.511,53,0
244.578,-59.289,53,0
242.181,-61.298,53,0
238.069,-63.497,53,0
233.791,-64.067,53,0
229.698,-64.272,53,0
229.728,-61.277,53,0
230.162,-59.218,53,0
272.485,-44.718,54,1
273.391,-44.274,54,1
274.341,-43.936,54,1
275.209,-43.592,54,1
276.001,-43.246,54,1
276.578,-42.950,54,1
277.081,-42.654,54,1
277.717,-42.401,54,1
278.452,-42.093,54,1
279.286,-41.823,54,1
280.108,-41.523,54,1
280.890,-41.196,54,1
281.489,-40.822,54,1
282.117,-40.444,54,1
282.624,-39.970,54,1
283.211,-39.385,54,1
283.753,-38.799,54,1
284.364,-38.254,54,1
284.996,-37.680,54,1
285.510,-37.241,54,1
285.993,-36.689,54,1
284.213,-36.402,54,0
279.443,-36.261,54,0
274.858,-36.048,54,0
270.161,-35.566,54,0
265.779,-34.806,54,0
263.622,-34.261,54,0
263.124,-36.545,54,0
262.350,-39.006,54,0
261.427,-41.303,54,0
265.392,-42.279,54,0
269.202,-43.196,54,0
271.822,-44.652,54,0
244.745,-46.425,55,1
244.888,-45.815,55,1
245.140,-45.245,55,1
245.327,-44.649,55,1
245.653,-44.102,55,1
245.991,-43.812,55,1
246.414,-43.628,55,1
247.002,-43.532,55,1
247.643,-43.539,55,1
248.201,-43.563,55,1
248.902,-43.565,55,1
249.488,-43.563,55,1
250.071,-43.451,55,1
250.504,-43.254,55,1
250.845,-43.037,55,1
251.068,-42.715,55,1
251.200,-42.413,55,1
251.189,-42.116,55,1
251.036,-41.777,55,1
250.823,-41.397,55,1
250.500,-41.020,55,1
250.155,-40.623,55,1
249.815,-40.244,55,1
249.341,-39.798,55,1
248.979,-39.398,55,1
248.597,-38.931,55,1
248.248,-38.399,55,1
247.981,-38.016,55,1
247.774,-37.401,55,1
247.677,-36.763,55,1
247.714,-36.147,55,1
247.771,-35.618,55,1
247.960,-35.133,55,1
248.196,-34.729,55,1
248.559,-34.413,55,1
248.943,-34.181,55,1
249.480,-34.029,55,1
250.016,-33.919,55,1
250.449,-33.787,55,1
250.977,-33.543,55,1
251.479,-33.278,55,1
251.748,-32.974,55,1
251.887,-32.631,55,1
251.851,-32.226,55,1
251.740,-31.974,55,1
251.510,-31.786,55,1
251.232,-31.666,55,1
250.858,-31.629,55,1
250.559,-31.614,55,1
250.308,-31.595,55,1
249.984,-31.536,55,1
249.785,-31.409,55,1
249.658,-31.178,55,1
249.581,-30.857,55,1
249.552,-30.538,55,1
249.525,-30.238,55,1
249.452,-29.898,55,1
249.375,-29.492,55,1
249.301,-29.106,55,1
249.274,-28.614,55,1
249.223,-28.119,55,1
251.020,-28.188,55,0
255.189,-29.641,55,0
258.288,-31.425,55,0
260.908,-33.104,55,0
264.093,-34.303,55,0
263.747,-36.606,55,0
262.146,-41.114,55,0
260.950,-43.481,55,0
259.365,-45.767,55,0
258.055,-48.405,55,0
256.097,-50.922,55,0
252.119,-49.368,55,0
246.461,-47.438,55,0
285.993,-36.689,56,1
286.500,-36.172,56,1
287.179,-35.235,56,1
287.698,-34.350,56,1
288.180,-33.532,56,1
288.347,-32.553,56,1
288.447,-31.653,56,1
288.368,-30.837,56,1
288.300,-29.627,56,1
288.077,-28.799,56,1
287.761,-28.083,56,1
287.233,-27.422,56,1
286.660,-26.901,56,1
285.893,-26.559,56,1
284.635,-26.102,56,1
283.634,-25.839,56,1
282.864,-25.549,56,1
282.317,-25.206,56,1
282.024,-24.838,56,1
282.024,-24.445,56,1
280.910,-24.141,56,0
278.292,-23.203,56,0
274.704,-22.056,56,0
272.058,-21.063,56,0
269.773,-24.720,56,0
267.911,-27.885,56,0
265.380,-31.266,56,0
263.316,-34.548,56,0
267.950,-35.785,56,0
273.100,-36.446,56,0
279.120,-36.890,56,0
283.845,-37.155,56,0
249.223,-28.119,57,1
249.238,-27.703,57,1
249.255,-27.240,57,1
249.350,-26.755,57,1
249.609,-26.387,57,1
249.888,-26.171,57,1
250.265,-25.937,57,1
250.492,-25.700,57,1
250.672,-25.327,57,1
250.806,-24.844,57,1
250.938,-24.293,57,1
251.022,-23.766,57,1
251.055,-23.457,57,1
251.108,-23.059,57,1
251.235,-22.752,57,1
251.455,-22.380,57,1
251.745,-22.097,57,1
252.058,-21.856,57,1
252.489,-21.549,57,1
252.678,-21.352,57,1
252.731,-21.045,57,1
252.662,-20.688,57,1
252.571,-20.288,57,1
252.573,-19.933,57,1
252.646,-19.403,57,1
252.813,-18.959,57,1
253.001,-18.539,57,1
253.256,-18.140,57,1
253.491,-17.782,57,1
253.744,-17.382,57,1
254.044,-17.001,57,1
254.365,-16.711,57,1
254.737,-16.411,57,1
255.526,-15.825,57,1
256.315,-15.348,57,1
256.981,-15.023,57,1
257.529,-14.658,57,1
258.472,-14.279,57,1
259.572,-14.082,57,1
260.401,-13.963,57,1
260.993,-13.894,57,1
261.465,-13.828,57,1
261.739,-13.656,57,1
261.809,-13.418,57,1
261.642,-13.157,57,1
261.401,-13.016,57,1
261.154,-12.755,57,1
260.990,-12.452,57,1
261.019,-12.175,57,1
261.290,-12.043,57,1
261.648,-12.062,57,1
262.005,-12.197,57,1
262.331,-12.409,57,1
263.011,-12.640,57,1
263.854,-12.929,57,1
264.705,-13.177,57,1
265.547,-13.223,57,1
266.436,-13.377,57,1
267.414,-13.555,57,1
268.237,-13.744,57,1
268.917,-14.176,57,1
269.603,-14.604,57,1
270.043,-14.984,57,1
270.279,-15.345,57,1
270.365,-15.878,57,1
270.319,-16.311,57,1
270.068,-16.765,57,1
269.771,-17.150,57,1
269.480,-17.648,57,1
269.269,-18.058,57,1
269.350,-18.472,57,1
269.626,-18.712,57,1
270.025,-18.937,57,1
270.444,-18.927,57,1
271.101,-18.732,57,1
271.480,-19.634,57,0
272.287,-21.826,57,0
269.858,-25.765,57,0
267.926,-29.111,57,0
266.041,-32.242,57,0
263.829,-34.919,57,0
260.479,-33.699,57,0
256.479,-31.127,57,0
250.839,-28.753,57,0
282.024,-24.445,58,1
282.174,-24.197,58,1
282.465,-23.899,58,1
282.825,-23.722,58,1
283.375,-23.572,58,1
284.024,-23.509,58,1
284.669,-23.476,58,1
285.253,-23.411,58,1
285.933,-23.372,58,1
286.449,-23.273,58,1
287.127,-23.171,58,1
287.674,-23.069,58,1
288.185,-22.875,58,1
288.659,-22.564,58,1
288.873,-22.292,58,1
289.013,-21.839,58,1
289.091,-21.361,58,1
289.204,-21.001,58,1
289.279,-20.490,58,1
289.547,-20.036,58,1
289.789,-19.761,58,1
290.190,-19.448,58,1
290.685,-19.191,58,1
291.145,-18.903,58,1
291.481,-18.653,58,1
291.791,-18.345,58,1
292.017,-17.973,58,1
292.094,-17.583,58,1
292.158,-17.016,58,1
292.102,-16.481,58,1
292.069,-15.799,58,1
291.888,-15.209,58,1
291.775,-14.770,58,1
291.636,-14.359,58,1
291.340,-13.896,58,1
291.074,-13.341,58,1
290.934,-12.808,58,1
290.818,-12.096,58,1
290.923,-11.492,58,1
291.116,-10.794,58,1
291.372,-10.062,58,1
290.179,-9.784,58,0
287.662,-9.716,58,0
285.789,-9.694,58,0
283.707,-9.625,58,0
282.955,-12.742,58,0
281.875,-15.331,58,0
280.426,-17.846,58,0
279.146,-20.498,58,0
277.446,-23.286,58,0
279.345,-23.898,58,0
281.387,-24.551,58,0
271.101,-18.732,59,1
271.513,-18.577,59,1
271.917,-18.307,59,1
272.074,-17.980,59,1
272.160,-17.656,59,1
272.172,-17.236,59,1
272.110,-16.812,59,1
272.046,-16.438,59,1
271.960,-16.061,59,1
271.924,-15.619,59,1
271.863,-15.173,59,1
271.878,-14.638,59,1
271.865,-14.173,59,1
271.899,-13.729,59,1
272.051,-13.430,59,1
272.203,-13.108,59,1
272.519,-12.927,59,1
272.809,-12.839,59,1
273.266,-12.754,59,1
273.721,-12.760,59,1
274.223,-12.815,59,1
274.654,-12.796,59,1
275.132,-12.661,59,1
275.567,-12.453,59,1
275.925,-12.201,59,1
276.237,-11.853,59,1
276.619,-11.411,59,1
276.954,-10.969,59,1
277.215,-10.573,59,1
277.428,-10.107,59,1
277.639,-9.664,59,1
277.829,-9.265,59,1
278.019,-9.031,59,1
278.254,-8.892,59,1
278.491,-8.895,59,1
278.610,-9.007,59,1
278.680,-9.186,59,1
278.729,-9.355,59,1
278.799,-9.613,59,1
278.848,-9.916,59,1
278.942,-10.102,59,1
279.087,-10.287,59,1
279.277,-10.428,59,1
279.537,-10.448,59,1
279.775,-10.377,59,1
280.016,-10.111,59,1
280.148,-9.603,59,1
280.175,-9.298,59,1
280.190,-8.948,59,1
280.164,-8.692,59,1
280.091,-8.412,59,1
279.996,-8.107,59,1
279.900,-7.897,59,1
279.735,-7.759,59,1
279.615,-7.736,59,1
279.451,-7.784,59,1
279.357,-7.878,59,1
279.263,-7.974,59,1
279.123,-8.021,59,1
278.981,-7.975,59,1
278.911,-7.880,59,1
278.934,-7.741,59,1
279.074,-7.529,59,1
279.214,-7.202,59,1
279.399,-6.848,59,1
279.516,-6.401,59,1
279.608,-5.978,59,1
279.653,-5.626,59,1
280.500,-5.690,59,0
281.671,-5.853,59,0
283.074,-6.090,59,0
284.367,-6.436,59,0
284.174,-8.596,59,0
283.955,-10.221,59,0
283.484,-12.738,59,0
282.153,-15.635,59,0
280.628,-18.442,59,0
279.427,-20.765,59,0
277.850,-23.389,59,0
275.750,-22.842,59,0
273.427,-21.952,59,0
271.801,-21.378,59,0
270.963,-19.512,59,0
291.372,-10.062,60,1
291.527,-9.534,60,1
291.670,-8.930,60,1
291.755,-8.329,60,1
291.784,-7.766,60,1
291.814,-7.130,60,1
291.731,-6.530,60,1
291.590,-5.858,60,1
291.321,-5.393,60,1
291.093,-5.020,60,1
290.862,-4.647,60,1
290.522,-4.275,60,1
290.199,-3.922,60,1
289.842,-3.589,60,1
289.523,-3.364,60,1
289.258,-3.046,60,1
289.145,-2.768,60,1
289.127,-2.469,60,1
289.199,-2.187,60,1
289.311,-1.908,60,1
289.572,-1.756,60,1
289.817,-1.718,60,1
290.079,-1.716,60,1
290.304,-1.792,60,1
290.547,-1.883,60,1
290.793,-1.994,60,1
291.037,-2.087,60,1
291.300,-2.178,60,1
291.639,-2.213,60,1
291.938,-2.231,60,1
291.996,-2.231,60,1
292.372,-2.208,60,1
292.729,-2.188,60,1
293.050,-2.094,60,1
293.369,-1.962,60,1
293.632,-1.772,60,1
293.820,-1.565,60,1
293.932,-1.228,60,1
293.952,-0.872,60,1
293.818,-0.594,60,1
293.667,-0.313,60,1
293.458,-0.091,60,1
293.137,0.111,60,1
292.819,0.204,60,1
292.424,0.333,60,1
292.066,0.498,60,1
291.821,0.684,60,1
291.729,0.926,60,1
291.766,1.093,60,1
291.102,1.509,60,0
289.403,2.280,60,0
287.841,3.152,60,0
286.714,1.207,60,0
285.746,-0.534,60,0
284.676,-2.842,60,0
284.110,-4.797,60,0
283.877,-7.051,60,0
283.685,-9.963,60,0
286.054,-10.010,60,0
288.461,-10.070,60,0
290.490,-10.148,60,0
279.653,-5.626,61,1
279.695,-5.276,61,1
279.699,-4.842,61,1
279.634,-4.462,61,1
279.497,-4.013,61,1
279.329,-3.601,61,1
279.192,-3.152,61,1
279.020,-2.686,61,1
278.991,-2.185,61,1
278.956,-1.670,61,1
279.115,-1.103,61,1
279.342,-0.756,61,1
279.636,-0.463,61,1
279.914,-0.152,61,1
280.138,0.192,61,1
280.225,0.553,61,1
280.361,0.845,61,1
280.551,1.052,61,1
280.862,1.191,61,1
281.207,1.276,61,1
281.623,1.262,61,1
282.019,1.176,61,1
282.433,1.144,61,1
282.829,1.160,61,1
283.242,1.316,61,1
283.397,1.487,61,1
283.449,1.745,61,1
283.499,2.003,61,1
283.516,2.296,61,1
283.518,2.606,61,1
283.602,2.882,61,1
283.756,3.087,61,1
284.033,3.330,61,1
284.276,3.450,61,1
284.533,3.605,61,1
284.755,3.726,61,1
284.944,3.881,61,1
285.135,4.086,61,1
285.288,4.396,61,1
285.238,4.690,61,1
285.272,4.967,61,1
285.359,5.173,61,1
285.496,5.381,61,1
285.824,5.551,61,1
286.136,5.758,61,1
286.429,5.949,61,1
286.724,6.175,61,1
287.570,5.888,61,0
289.169,4.677,61,0
288.079,3.030,61,0
287.165,1.249,61,0
286.083,-0.584,61,0
284.996,-3.093,61,0
284.536,-4.858,61,0
284.272,-6.795,61,0
282.093,-6.300,61,0
280.483,-6.090,61,0
291.766,1.093,62,1
291.891,1.215,62,1
292.068,1.395,62,1
292.337,1.513,62,1
292.587,1.645,62,1
292.901,1.824,62,1
293.273,1.972,62,1
293.748,2.300,62,1
294.119,2.623,62,1
294.520,2.952,62,1
294.821,3.291,62,1
295.118,3.676,62,1
295.431,4.045,62,1
295.657,4.341,62,1
295.853,4.636,62,1
296.138,4.976,62,1
296.334,5.329,62,1
295.730,5.810,62,0
294.310,6.522,62,0
293.097,7.155,62,0
291.394,7.974,62,0
290.647,6.841,62,0
289.980,5.937,62,0
289.024,4.804,62,0
288.508,4.107,62,0
287.843,2.956,62,0
289.113,2.238,62,0
290.515,1.405,62,0
286.724,6.175,63,1
286.988,6.537,63,1
287.349,7.033,63,1
287.609,7.477,63,1
287.787,7.894,63,1
288.046,8.259,63,1
288.229,8.416,63,1
288.593,8.678,63,1
288.775,8.963,63,1
288.903,9.328,63,1
288.980,9.666,63,1
289.029,10.027,63,1
289.028,10.195,63,1
289.057,10.402,63,1
289.163,10.578,63,1
289.343,10.729,63,1
289.583,10.787,63,1
289.781,10.744,63,1
289.964,10.686,63,1
290.220,10.626,63,1
290.461,10.656,63,1
290.612,10.761,63,1
290.672,10.969,63,1
290.734,11.160,63,1
290.824,11.411,63,1
290.885,11.637,63,1
290.930,11.918,63,1
290.977,12.201,63,1
291.024,12.378,63,1
291.116,12.585,63,1
291.251,12.810,63,1
291.438,13.017,63,1
291.619,13.223,63,1
291.803,13.433,63,1
292.005,13.744,63,1
292.584,13.607,63,0
293.421,13.274,63,0
294.269,12.879,63,0
295.010,12.438,63,0
294.355,11.408,63,0
293.433,10.228,63,0
292.459,9.032,63,0
291.599,7.924,63,0
290.849,6.797,63,0
289.938,5.592,63,0
289.060,4.535,63,0
288.317,5.052,63,0
287.191,5.772,63,0
296.334,5.329,64,1
296.497,5.577,64,1
296.638,5.861,64,1
296.781,6.233,64,1
296.888,6.659,64,1
296.982,7.067,64,1
297.067,7.511,64,1
297.193,7.882,64,1
297.301,8.217,64,1
297.554,8.447,64,1
297.785,8.568,64,1
298.108,8.655,64,1
298.428,8.743,64,1
298.734,8.883,64,1
299.059,9.090,64,1
299.258,9.284,64,1
299.457,9.547,64,1
299.654,9.890,64,1
299.769,10.162,64,1
299.826,10.479,64,1
299.883,10.727,64,1
299.993,10.938,64,1
300.160,11.148,64,1
300.358,11.233,64,1
300.721,11.317,64,1
301.013,11.420,64,1
301.266,11.504,64,1
301.559,11.623,64,1
301.924,11.774,64,1
302.126,11.912,64,1
302.296,12.141,64,1
302.503,12.507,64,1
302.619,12.787,64,1
302.719,13.173,64,1
302.786,13.562,64,1
302.888,13.931,64,1
302.933,14.267,64,1
302.415,14.703,64,0
301.181,15.273,64,0
300.198,15.855,64,0
299.119,16.471,64,0
298.276,16.939,64,0
297.345,15.789,64,0
296.282,14.442,64,0
295.210,13.079,64,0
294.510,12.101,64,0
293.563,10.910,64,0
292.639,9.681,64,0
291.879,8.787,64,0
291.156,7.836,64,0
292.541,7.095,64,0
294.347,6.136,64,0
295.804,5.450,64,0
292.005,13.744,65,1
292.285,14.161,65,1
292.602,14.561,65,1
292.888,14.867,65,1
293.153,15.158,65,1
293.437,15.536,65,1
293.634,15.842,65,1
293.700,16.088,65,1
293.694,16.283,65,1
293.580,16.439,65,1
293.395,16.523,65,1
293.186,16.640,65,1
293.128,16.762,65,1
293.236,16.890,65,1
293.416,17.034,65,1
293.617,17.199,65,1
293.755,17.466,65,1
293.899,17.698,65,1
294.022,17.929,65,1
294.107,18.248,65,1
294.213,18.498,65,1
294.377,18.695,65,1
294.595,18.860,65,1
294.982,19.078,65,1
295.296,19.242,65,1
295.741,19.443,65,1
296.187,19.625,65,1
296.539,19.840,65,1
296.705,20.054,65,1
296.891,20.322,65,1
297.039,20.622,65,1
297.149,20.852,65,1
297.240,21.169,65,1
297.352,21.490,65,1
297.461,21.824,65,1
297.592,22.180,65,1
298.335,21.951,65,0
299.206,21.526,65,0
300.168,20.993,65,0
300.672,20.670,65,0
300.154,19.829,65,0
299.458,18.757,65,0
298.971,17.949,65,0
298.398,16.873,65,0
297.558,15.639,65,0
296.691,14.552,65,0
295.937,13.488,65,0
294.922,12.269,65,0
293.865,12.723,65,0
292.193,13.435,65,0
302.933,14.267,66,1
302.971,14.638,66,1
303.126,14.883,66,1
303.340,15.108,66,1
303.590,15.297,66,1
303.884,15.558,66,1
304.099,15.878,66,1
304.276,16.157,66,1
304.353,16.496,66,1
304.338,16.888,66,1
304.222,17.169,66,1
304.086,17.489,66,1
304.047,17.828,66,1
304.168,18.087,66,1
304.385,18.331,66,1
304.644,18.518,66,1
304.980,18.643,66,1
305.337,18.753,66,1
305.792,18.858,66,1
306.149,18.981,66,1
306.750,19.140,66,1
307.245,19.221,66,1
307.767,19.374,66,1
308.106,19.459,66,1
308.411,19.601,66,1
308.715,19.759,66,1
308.940,19.938,66,1
309.130,20.193,66,1
309.284,20.562,66,1
309.424,21.005,66,1
309.693,21.613,66,1
309.925,22.201,66,1
310.155,22.757,66,1
310.369,23.289,66,1
310.728,23.854,66,1
311.049,24.365,66,1
311.348,24.838,66,1
311.759,25.326,66,1
312.255,25.826,66,1
311.705,26.605,66,0
310.180,27.519,66,0
308.045,28.608,66,0
306.751,26.909,66,0
305.314,25.280,66,0
304.207,24.018,66,0
302.983,22.898,66,0
301.671,22.033,66,0
300.520,21.009,66,0
299.903,19.837,66,0
298.866,18.410,66,0
298.083,16.739,66,0
298.918,16.160,66,0
300.215,15.383,66,0
302.182,14.334,66,0
297.592,22.180,67,1
297.821,22.447,67,1
298.202,22.664,67,1
298.697,22.854,67,1
299.220,23.016,67,1
299.692,23.103,67,1
300.136,23.159,67,1
300.609,23.266,67,1
301.136,23.294,67,1
301.692,23.424,67,1
302.055,23.653,67,1
302.473,24.036,67,1
302.813,24.392,67,1
303.043,24.823,67,1
303.243,25.230,67,1
303.448,25.765,67,1
303.485,26.250,67,1
303.404,26.634,67,1
303.323,27.019,67,1
303.244,27.504,67,1
303.336,27.889,67,1
303.573,28.343,67,1
303.757,28.726,67,1
303.879,29.107,67,1
303.890,29.568,67,1
303.666,30.160,67,1
303.553,30.548,67,1
303.444,31.036,67,1
303.390,31.420,67,1
303.460,31.909,67,1
303.857,32.211,67,1
304.222,32.335,67,1
304.574,32.685,67,1
304.887,33.090,67,1
305.242,33.559,67,1
305.523,33.989,67,1
305.768,34.448,67,1
305.935,34.937,67,1
306.068,35.358,67,1
308.095,34.757,67,0
309.383,34.105,67,0
311.113,33.109,67,0
310.225,31.870,67,0
309.294,30.477,67,0
308.500,28.924,67,0
307.694,27.625,67,0
306.322,25.910,67,0
305.032,24.488,67,0
303.805,23.231,67,0
302.271,21.965,67,0
300.467,20.498,67,0
299.450,21.001,67,0
297.953,21.684,67,0
312.255,25.826,68,1
312.676,26.183,68,1
313.128,26.735,68,1
313.515,27.166,68,1
314.015,27.754,68,1
314.352,28.140,68,1
314.566,28.520,68,1
314.654,28.880,68,1
314.848,29.163,68,1
315.287,29.370,68,1
315.676,29.480,68,1
316.118,29.684,68,1
316.593,29.910,68,1
316.962,30.185,68,1
317.281,30.555,68,1
317.660,30.922,68,1
318.016,31.362,68,1
318.389,31.964,68,1
318.702,32.498,68,1
319.090,32.765,68,1
319.448,32.961,68,1
319.759,33.301,68,1
319.999,33.764,68,1
320.129,34.329,68,1
320.358,34.913,68,1
320.535,35.570,68,1
320.822,36.055,68,1
321.153,36.391,68,1
321.493,36.777,68,1
320.983,37.335,68,0
319.760,38.123,68,0
318.502,38.803,68,0
317.188,39.425,68,0
315.693,38.201,68,0
314.190,36.962,68,0
312.558,35.561,68,0
311.189,33.932,68,0
310.228,32.555,68,0
309.301,31.006,68,0
308.577,29.789,68,0
307.933,28.326,68,0
309.590,27.454,68,0
311.562,26.221,68,0
306.068,35.358,69,1
306.202,35.934,69,1
306.424,36.430,69,1
306.617,36.751,69,1
306.889,37.026,69,1
307.245,37.189,69,1
307.783,37.272,69,1
308.342,37.305,69,1
308.921,37.336,69,1
309.341,37.413,69,1
309.863,37.517,69,1
310.288,37.653,69,1
310.775,37.835,69,1
311.149,38.129,69,1
311.673,38.512,69,1
312.000,38.915,69,1
312.287,39.319,69,1
312.483,39.854,69,1
312.568,40.518,69,1
312.522,41.124,69,1
312.516,41.680,69,1
312.440,42.177,69,1
312.204,42.488,69,1
311.828,42.754,69,1
311.590,43.126,69,1
311.376,43.626,69,1
311.215,43.981,69,1
310.951,44.416,69,1
310.451,44.816,69,1
309.989,45.119,69,1
309.416,45.389,69,1
308.626,45.632,69,1
308.129,45.780,69,1
307.521,45.902,69,1
306.935,45.993,69,1
306.399,46.027,69,1
305.939,46.024,69,1
305.552,45.982,69,1
305.364,45.927,69,1
305.076,45.864,69,1
304.411,46.766,69,0
307.811,47.566,69,0
311.145,47.031,69,0
313.387,46.274,69,0
315.856,45.237,69,0
317.942,44.326,69,0
319.703,43.533,69,0
320.877,42.937,69,0
318.965,40.972,69,0
317.479,39.326,69,0
315.908,37.844,69,0
314.127,36.325,69,0
312.599,34.735,69,0
311.581,33.510,69,0
310.949,32.856,69,0
309.653,33.424,69,0
307.433,34.450,69,0
321.493,36.777,70,1
321.836,37.051,70,1
322.208,37.217,70,1
322.690,37.379,70,1
323.379,37.426,70,1
324.099,37.472,70,1
324.684,37.538,70,1
325.305,37.638,70,1
325.816,37.722,70,1
326.391,37.906,70,1
326.863,38.134,70,1
327.331,38.550,70,1
327.735,39.076,70,1
327.924,39.593,70,1
328.012,40.158,70,1
327.900,40.694,70,1
327.667,41.131,70,1
327.560,41.477,70,1
327.554,41.962,70,1
327.770,42.349,70,1
327.983,42.739,70,1
328.337,43.010,70,1
328.729,43.131,70,1
329.316,43.153,70,1
329.891,43.111,70,1
330.486,43.168,70,1
331.040,43.332,70,1
331.513,43.521,70,1
331.905,43.866,70,1
332.110,44.313,70,1
332.284,44.890,70,1
331.451,45.458,70,0
329.985,46.173,70,0
328.519,47.101,70,0
326.420,48.145,70,0
324.652,46.944,70,0
322.441,45.034,70,0
320.571,43.150,70,0
318.837,41.575,70,0
317.586,40.152,70,0
316.685,39.045,70,0
318.692,38.216,70,0
320.465,37.118,70,0
298.998,49.289,71,1
299.309,49.456,71,1
299.510,49.766,71,1
299.537,50.170,71,1
299.420,50.617,71,1
299.381,51.070,71,1
299.416,51.423,71,1
299.597,51.713,71,1
300.037,52.035,71,1
300.453,52.352,71,1
300.973,52.567,71,1
301.729,52.787,71,1
302.322,52.930,71,1
302.832,53.049,71,1
303.314,53.270,71,1
303.679,53.538,71,1
303.921,53.997,71,1
304.135,54.473,71,1
304.268,54.878,71,1
304.310,55.316,71,1
304.357,55.649,71,1
304.498,55.948,71,1
304.739,56.195,71,1
305.237,56.341,71,1
305.742,56.466,71,1
306.469,56.534,71,1
307.162,56.549,71,1
307.953,56.539,71,1
308.459,56.497,71,1
308.826,56.350,71,1
309.149,56.061,71,1
309.400,55.740,71,1
309.470,55.440,71,1
309.739,55.047,71,1
310.062,54.601,71,1
310.399,54.097,71,1
310.742,53.700,71,1
311.143,53.090,71,1
311.416,52.713,71,1
311.700,52.226,71,1
312.067,51.772,71,1
312.368,51.492,71,1
312.807,51.225,71,1
313.267,50.951,71,1
313.602,50.773,71,1
314.027,50.498,71,1
314.335,50.199,71,1
314.562,49.935,71,1
314.688,49.699,71,1
314.841,49.352,71,1
314.981,49.079,71,1
315.083,48.894,71,1
315.294,48.738,71,1
315.631,48.674,71,1
315.956,48.682,71,1
316.419,48.727,71,1
316.341,48.207,71,0
315.755,47.520,71,0
315.028,46.632,71,0
314.177,45.752,71,0
311.765,46.505,71,0
309.508,47.019,71,0
307.752,47.236,71,0
304.664,46.454,71,0
301.987,47.659,71,0
299.564,48.754,71,0
332.284,44.890,72,1
332.497,45.275,72,1
332.822,45.755,72,1
333.195,46.180,72,1
333.919,46.528,72,1
334.624,46.724,72,1
335.411,46.894,72,1
336.167,47.033,72,1
336.799,47.043,72,1
337.307,47.010,72,1
337.817,46.896,72,1
338.533,46.726,72,1
339.243,46.568,72,1
339.943,46.511,72,1
340.546,46.614,72,1
341.228,46.755,72,1
341.960,47.008,72,1
342.522,47.159,72,1
343.178,47.364,72,1
344.102,47.608,72,1
344.980,47.733,72,1
345.993,47.868,72,1
346.657,47.965,72,1
347.627,48.054,72,1
347.364,49.217,72,0
346.004,51.025,72,0
344.814,52.371,72,0
342.409,54.443,72,0
337.811,53.269,72,0
333.924,52.099,72,0
330.241,50.263,72,0
327.601,48.775,72,0
325.778,47.683,72,0
327.663,46.905,72,0
329.524,45.882,72,0
331.073,45.128,72,0
316.419,48.727,73,1
316.894,48.810,73,1
317.353,48.863,73,1
317.786,48.884,73,1
318.149,48.837,73,1
318.485,48.678,73,1
318.628,48.503,73,1
318.770,48.265,73,1
318.792,48.056,73,1
318.907,47.946,73,1
319.193,47.912,73,1
319.526,47.940,73,1
319.859,48.016,73,1
320.074,48.155,73,1
320.204,48.362,73,1
320.190,48.614,73,1
320.027,48.822,73,1
319.862,48.906,73,1
319.672,49.036,73,1
319.580,49.226,73,1
319.657,49.400,73,1
319.736,49.558,73,1
319.936,49.760,73,1
320.140,49.966,73,1
320.250,50.169,73,1
320.260,50.454,73,1
320.343,50.661,73,1
320.480,50.909,73,1
320.765,51.079,73,1
321.101,51.213,73,1
321.415,51.349,73,1
321.611,51.600,73,1
321.686,51.913,73,1
321.759,52.197,73,1
321.761,52.530,73,1
321.653,52.820,73,1
321.531,52.997,73,1
321.173,53.148,73,1
320.782,53.190,73,1
320.302,53.214,73,1
320.039,53.216,73,1
319.616,53.271,73,1
319.193,53.323,73,1
318.930,53.498,73,1
318.665,53.865,73,1
318.533,54.260,73,1
318.616,54.627,73,1
318.704,54.912,73,1
318.791,55.133,73,1
318.987,55.276,73,1
319.265,55.370,73,1
319.628,55.369,73,1
319.958,55.235,73,1
320.395,55.102,73,1
320.778,55.016,73,1
321.281,55.022,73,1
321.755,55.122,73,1
322.079,55.271,73,1
322.300,55.537,73,1
322.412,55.803,73,1
322.581,56.084,73,1
322.673,56.400,73,1
323.853,56.125,73,0
325.360,55.345,73,0
327.054,54.454,73,0
328.951,53.191,73,0
330.357,52.092,73,0
331.948,50.856,73,0
330.233,49.969,73,0
328.256,48.870,73,0
326.261,47.729,73,0
324.364,46.340,73,0
322.680,44.641,73,0
321.750,43.666,73,0
320.713,42.795,73,0
318.513,43.721,73,0
316.055,44.673,73,0
313.714,45.782,73,0
314.520,46.804,73,0
315.516,47.959,73,0
347.627,48.054,74,1
348.652,48.070,74,1
349.702,48.029,74,1
350.631,47.974,74,1
351.458,47.793,74,1
352.335,47.505,74,1
353.298,47.178,74,1
353.981,46.875,74,1
354.658,46.636,74,1
355.335,46.525,74,1
355.839,46.448,74,1
356.521,46.497,74,1
356.994,46.751,74,1
357.538,47.151,74,1
357.895,47.606,74,1
358.267,48.143,74,1
358.591,48.647,74,1
358.946,49.098,74,1
359.300,49.516,74,1
359.652,50.048,74,1
359.930,50.568,74,1
0.208,51.037,74,1
0.555,51.553,74,1
0.875,52.053,74,1
1.251,52.465,74,1
1.552,52.762,74,1
1.808,52.930,74,1
2.282,53.064,74,1
2.575,53.124,74,1
2.886,53.135,74,1
2.652,53.630,74,0
1.079,55.467,74,0
359.262,57.312,74,0
355.704,56.732,74,0
351.759,56.159,74,0
347.897,55.527,74,0
345.163,54.995,74,0
341.963,54.314,74,0
343.461,52.913,74,0
345.026,51.261,74,0
346.293,49.559,74,0
322.673,56.400,75,1
322.651,56.826,75,1
322.560,57.317,75,1
322.405,57.889,75,1
322.053,58.514,75,1
321.752,59.075,75,1
321.495,59.595,75,1
321.279,60.117,75,1
321.234,60.384,75,1
321.415,60.785,75,1
321.656,61.188,75,1
321.838,61.472,75,1
322.330,61.712,75,1
323.012,61.960,75,1
323.772,62.167,75,1
324.907,62.432,75,1
325.880,62.661,75,1
326.804,62.902,75,1
327.826,63.294,75,1
328.380,63.600,75,1
328.926,64.061,75,1
329.285,64.539,75,1
329.442,64.966,75,1
329.507,65.345,75,1
329.626,65.750,75,1
329.584,66.131,75,1
329.608,66.444,75,1
329.743,66.738,75,1
329.886,66.987,75,1
330.332,67.126,75,1
330.962,67.203,75,1
331.590,67.160,75,1
331.823,67.026,75,1
331.887,66.802,75,1
332.058,66.534,75,1
332.337,66.198,75,1
332.716,65.817,75,1
333.038,65.525,75,1
333.615,65.277,75,1
334.190,65.113,75,1
334.767,65.063,75,1
335.289,65.032,75,1
335.936,65.130,75,1
336.697,65.243,75,1
337.411,65.335,75,1
338.118,65.377,75,1
338.868,65.371,75,1
339.525,65.228,75,1
339.962,65.074,75,1
340.139,64.771,75,1
340.238,64.385,75,1
340.342,64.018,75,1
340.340,63.661,75,1
340.262,63.373,75,1
340.183,63.085,75,1
339.892,62.922,75,1
339.421,62.810,75,1
338.959,62.722,75,1
337.946,62.540,75,1
337.204,62.434,75,1
336.510,62.322,75,1
335.781,62.253,75,1
335.296,62.173,75,1
334.941,61.934,75,1
334.693,61.763,75,1
334.428,61.387,75,1
334.177,61.101,75,1
334.021,60.725,75,1
333.823,60.351,75,1
333.676,60.061,75,1
333.531,59.706,75,1
333.471,59.307,75,1
333.461,58.949,75,1
333.637,58.683,75,1
333.954,58.498,75,1
334.545,58.359,75,1
335.174,58.256,75,1
335.850,58.236,75,1
336.524,58.192,75,1
337.076,58.218,75,1
337.854,58.322,75,1
338.645,58.442,75,1
339.552,58.682,75,1
340.348,58.949,75,1
341.119,59.235,75,1
342.231,59.718,75,1
343.056,60.057,75,1
344.175,60.502,75,1
345.107,60.755,75,1
346.301,61.113,75,1
347.464,61.354,75,1
348.760,61.524,75,1
350.160,60.345,75,0
351.006,58.974,75,0
351.843,57.590,75,0
352.748,55.951,75,0
348.236,55.143,75,0
344.008,54.346,75,0
339.438,53.161,75,0
334.752,51.721,75,0
331.750,50.501,75,0
328.028,53.036,75,0
323.528,55.527,75,0
305.076,45.864,76,1
304.815,45.702,76,1
304.688,45.494,76,1
304.595,45.263,76,1
304.600,44.942,76,1
304.765,44.711,76,1
305.117,44.389,76,1
305.373,44.091,76,1
305.660,43.816,76,1
305.972,43.515,76,1
306.218,43.262,76,1
306.428,42.711,76,1
306.392,42.183,76,1
306.383,41.632,76,1
306.347,41.107,76,1
306.280,40.492,76,1
306.211,39.784,76,1
306.146,39.123,76,1
305.995,38.487,76,1
305.847,37.780,76,1
305.728,37.119,76,1
305.417,36.370,76,1
305.164,35.891,76,1
304.607,35.433,76,1
304.142,34.904,76,1
303.679,34.467,76,1
303.275,33.958,76,1
302.832,33.265,76,1
302.526,32.642,76,1
302.276,32.043,76,1
301.986,31.188,76,1
301.827,30.477,76,1
301.488,29.707,76,1
301.146,29.078,76,1
300.800,28.650,76,1
300.485,28.198,76,1
300.082,27.903,76,1
299.026,28.283,76,0
297.388,29.556,76,0
295.584,30.629,76,0
293.763,31.625,76,0
294.977,34.033,76,0
296.050,36.778,76,0
296.918,39.703,76,0
297.720,42.808,76,0
299.234,45.091,76,0
300.746,46.735,76,0
302.197,48.039,76,0
303.713,47.500,76,0
304.937,46.806,76,0
300.082,27.903,77,1
300.000,27.820,77,1
299.939,27.738,77,1
299.900,27.602,77,1
299.872,27.404,77,1
299.855,27.134,77,1
299.845,26.851,77,1
299.767,26.456,77,1
299.684,26.081,77,1
299.628,25.818,77,1
299.533,25.588,77,1
299.365,25.296,77,1
299.150,24.996,77,1
298.850,24.740,77,1
298.575,24.560,77,1
298.195,24.439,77,1
297.769,24.402,77,1
297.318,24.396,77,1
296.863,24.453,77,1
296.579,24.551,77,1
296.344,24.717,77,1
296.163,25.040,77,1
296.075,25.565,77,1
296.001,25.883,77,1
295.894,26.031,77,1
295.657,26.158,77,1
295.318,26.194,77,1
294.950,26.137,77,1
294.454,25.949,77,1
294.079,25.808,77,1
293.869,25.665,77,1
293.718,25.549,77,1
293.614,25.389,77,1
293.607,25.191,77,1
293.701,24.985,77,1
293.755,24.890,77,1
293.860,24.768,77,1
293.851,24.665,77,1
293.790,24.578,77,1
293.635,24.512,77,1
293.244,24.421,77,1
292.849,24.406,77,1
292.381,24.456,77,1
291.922,24.500,77,1
291.382,24.568,77,1
291.029,24.701,77,1
290.601,24.946,77,1
290.304,25.194,77,1
289.900,25.478,77,1
289.470,25.694,77,1
289.039,25.824,77,1
288.474,25.879,77,1
287.991,25.818,77,1
287.644,25.710,77,1
287.349,25.476,77,1
287.142,25.162,77,1
287.073,24.850,77,1
287.160,24.538,77,1
287.315,24.224,77,1
287.486,23.976,77,1
287.639,23.707,77,1
287.726,23.458,77,1
287.656,23.176,77,1
287.520,22.988,77,1
287.195,22.909,77,1
286.907,22.942,77,1
286.704,23.082,77,1
286.482,23.174,77,1
286.174,23.297,77,1
285.765,23.277,77,1
285.481,23.037,77,1
285.348,22.755,77,1
285.287,22.410,77,1
285.341,21.941,77,1
285.505,21.301,77,1
285.662,20.667,77,1
285.810,20.151,77,1
285.406,19.997,77,0
284.484,19.994,77,0
283.891,20.022,77,0
283.173,20.267,77,0
283.867,22.059,77,0
284.749,24.254,77,0
285.852,25.846,77,0
286.852,27.087,77,0
288.657,28.255,77,0
290.904,29.431,77,0
292.589,30.808,77,0
293.925,31.841,77,0
296.008,30.830,77,0
298.130,29.798,77,0
299.664,28.582,77,0
285.810,20.151,78,1
285.974,19.713,78,1
286.104,19.465,78,1
286.214,19.245,78,1
286.336,18.945,78,1
286.554,18.477,78,1
286.834,17.926,78,1
287.081,17.487,78,1
287.331,17.156,78,1
287.753,16.824,78,1
288.203,16.654,78,1
288.656,16.509,78,1
289.049,16.336,78,1
289.438,16.111,78,1
289.655,15.723,78,1
289.667,15.206,78,1
289.486,14.802,78,1
289.252,14.401,78,1
288.962,14.161,78,1
288.622,14.060,78,1
288.143,13.989,78,1
287.779,14.131,78,1
287.419,14.381,78,1
287.084,14.577,78,1
286.663,14.609,78,1
286.213,14.559,78,1
285.930,14.346,78,1
285.814,14.046,78,1
285.782,13.611,78,1
285.974,13.367,78,1
286.137,13.010,78,1
286.160,12.604,78,1
286.046,12.250,78,1
285.652,11.740,78,1
285.260,11.307,78,1
284.871,11.036,78,1
284.538,10.686,78,1
284.178,10.199,78,1
283.984,9.789,78,1
283.734,9.300,78,1
283.402,8.864,78,1
282.910,8.456,78,1
282.531,8.069,78,1
282.143,7.743,78,1
281.855,7.462,78,1
281.344,8.201,78,0
279.933,9.277,78,0
278.900,10.159,78,0
281.238,11.822,78,0
282.648,13.379,78,0
283.489,15.310,78,0
283.690,18.033,78,0
283.666,20.271,78,0
285.199,20.293,78,0
281.855,7.462,79,1
281.673,7.106,79,1
281.594,6.677,79,1
281.575,6.388,79,1
281.571,6.060,79,1
281.582,5.658,79,1
281.690,4.983,79,1
281.759,4.679,79,1
281.784,4.437,79,1
281.769,4.250,79,1
281.740,4.091,79,1
281.621,3.936,79,1
281.463,3.808,79,1
281.245,3.683,79,1
281.012,3.614,79,1
280.620,3.560,79,1
280.160,3.521,79,1
279.713,3.498,79,1
279.235,3.459,79,1
278.746,3.434,79,1
278.287,3.407,79,1
277.813,3.411,79,1
277.308,3.427,79,1
276.977,3.386,79,1
276.619,3.244,79,1
276.302,3.143,79,1
275.872,3.000,79,1
275.554,2.842,79,1
275.125,2.655,79,1
274.106,2.312,79,1
273.516,2.108,79,1
272.871,1.863,79,1
272.398,1.673,79,1
271.822,1.455,79,1
271.191,1.264,79,1
270.718,1.132,79,1
270.184,0.954,79,1
269.696,0.736,79,1
269.307,0.516,79,1
268.962,0.469,79,1
268.659,0.594,79,1
268.355,0.779,79,1
268.151,1.063,79,1
267.949,1.379,79,1
267.688,1.749,79,1
267.499,2.119,79,1
267.266,2.460,79,1
267.149,2.775,79,1
266.986,3.189,79,1
266.939,3.491,79,1
267.009,3.936,79,1
267.150,4.211,79,1
267.423,4.513,79,1
267.711,4.734,79,1
268.028,4.823,79,1
268.401,5.045,79,1
268.836,5.179,79,1
269.182,5.295,79,1
269.529,5.473,79,1
269.817,5.604,79,1
270.275,5.836,79,1
270.652,6.111,79,1
270.967,6.359,79,1
271.255,6.574,79,1
271.556,6.807,79,1
271.758,7.009,79,1
272.032,7.197,79,1
272.378,7.340,79,1
272.652,7.486,79,1
273.057,7.630,79,1
273.373,7.875,79,1
273.792,8.135,79,1
274.141,8.423,79,1
274.533,8.783,79,1
274.793,9.213,79,1
275.111,9.601,79,1
275.345,10.046,79,1
275.519,10.435,79,1
275.666,10.867,79,1
275.845,11.212,79,1
275.948,11.527,79,1
276.272,11.771,79,1
276.800,12.000,79,1
277.416,12.144,79,1
277.984,11.449,79,0
278.605,10.782,79,0
279.297,10.115,79,0
280.263,9.244,79,0
281.391,8.501,79,0
277.416,12.144,80,1
277.947,12.258,80,1
278.491,12.404,80,1
279.031,12.600,80,1
279.547,12.825,80,1
280.093,13.216,80,1
280.527,13.744,80,1
280.846,14.415,80,1
281.142,15.110,80,1
281.379,15.833,80,1
281.475,16.727,80,1
281.485,17.563,80,1
281.439,18.511,80,1
281.449,19.239,80,1
281.490,20.021,80,1
282.209,20.182,80,0
283.855,20.382,80,0
283.928,18.661,80,0
283.884,17.011,80,0
283.747,15.245,80,0
283.216,13.882,80,0
282.820,13.096,80,0
281.540,11.784,80,0
280.088,10.578,80,0
279.024,9.994,80,0
278.030,10.927,80,0
277.312,11.790,80,0
281.490,20.021,81,1
281.549,20.545,81,1
281.669,21.148,81,1
281.927,21.741,81,1
282.289,22.131,81,1
282.634,22.522,81,1
283.079,22.892,81,1
283.367,23.425,81,1
283.594,24.049,81,1
283.764,24.630,81,1
283.778,25.120,81,1
283.709,25.555,81,1
283.564,25.879,81,1
283.377,26.131,81,1
283.313,26.329,81,1
283.271,26.510,81,1
283.286,26.708,81,1
283.445,26.948,81,1
283.702,27.295,81,1
283.943,27.644,81,1
284.186,28.044,81,1
284.405,28.465,81,1
284.628,28.990,81,1
284.834,29.500,81,1
284.871,30.012,81,1
284.974,30.392,81,1
285.097,30.791,81,1
285.158,31.082,81,1
285.115,31.337,81,1
285.008,31.610,81,1
284.879,31.845,81,1
284.792,32.138,81,1
284.832,32.339,81,1
284.937,32.521,81,1
285.108,32.613,81,1
285.325,32.648,81,1
285.582,32.631,81,1
285.755,32.521,81,1
286.011,32.394,81,1
286.247,32.264,81,1
286.525,32.137,81,1
286.716,32.062,81,1
287.079,31.965,81,1
287.506,31.944,81,1
287.849,31.903,81,1
288.211,31.932,81,1
288.535,31.999,81,1
288.946,32.119,81,1
289.295,32.257,81,1
289.561,32.431,81,1
289.828,32.607,81,1
290.040,32.931,81,1
290.188,33.308,81,1
290.295,33.670,81,1
291.399,33.503,81,0
292.897,32.797,81,0
294.203,31.888,81,0
292.723,30.600,81,0
291.315,29.407,81,0
289.689,28.426,81,0
287.825,27.288,81,0
286.592,26.414,81,0
285.620,25.131,81,0
284.942,24.149,81,0
284.303,22.601,81,0
283.791,20.884,81,0
283.609,20.151,81,0
282.184,19.831,81,0
290.295,33.670,82,1
290.432,34.173,82,1
290.475,34.870,82,1
290.451,35.623,82,1
290.318,36.397,82,1
290.015,37.110,82,1
289.719,37.462,82,1
289.398,37.592,82,1
289.005,37.716,82,1
288.506,37.834,82,1
288.284,38.071,82,1
288.364,38.355,82,1
288.485,38.665,82,1
288.826,38.931,82,1
289.279,39.111,82,1
289.810,39.240,82,1
290.345,39.310,82,1
290.879,39.434,82,1
291.340,39.581,82,1
292.131,39.811,82,1
292.667,40.093,82,1
293.285,40.508,82,1
293.763,41.089,82,1
294.101,41.808,82,1
294.229,42.638,82,1
294.317,43.386,82,1
294.487,44.135,82,1
294.735,44.828,82,1
294.986,45.380,82,1
295.167,45.992,82,1
295.545,46.487,82,1
295.888,46.896,82,1
296.308,47.139,82,1
296.611,47.411,82,1
296.758,47.771,82,1
296.787,48.161,82,1
296.689,48.586,82,1
296.545,48.925,82,1
296.604,49.175,82,1
296.875,49.393,82,1
297.304,49.437,82,1
297.691,49.452,82,1
298.148,49.325,82,1
298.520,49.228,82,1
298.998,49.289,82,1
299.978,48.964,82,0
301.137,48.505,82,0
302.578,47.820,82,0
300.525,45.962,82,0
299.155,43.998,82,0
298.222,42.595,82,0
297.433,39.823,82,0
296.535,36.827,82,0
295.698,34.461,82,0
294.787,32.413,82,0
294.022,31.216,82,0
292.326,32.253,82,0
290.799,33.039,82,0
18.670,-73.001,83,1
18.222,-72.693,83,1
17.913,-72.330,83,1
17.779,-72.028,83,1
17.367,-71.734,83,1
17.207,-71.534,83,1
16.901,-71.358,83,1
16.438,-71.249,83,1
15.725,-71.200,83,1
14.898,-71.204,83,1
14.220,-71.254,83,1
13.584,-71.309,83,1
12.955,-71.420,83,1
12.593,-71.621,83,1
12.322,-71.830,83,1
11.908,-72.014,83,1
11.554,-72.167,83,1
11.142,-72.320,83,1
10.658,-72.437,83,1
10.127,-72.535,83,1
9.585,-72.630,83,1
9.078,-72.695,83,1
8.440,-72.827,83,1
8.014,-73.005,83,1
7.759,-73.212,83,1
7.613,-73.461,83,1
7.683,-73.712,83,1
7.963,-73.919,83,1
8.720,-73.992,83,1
9.580,-74.069,83,1
10.440,-74.097,83,1
11.313,-74.109,83,1
12.172,-74.132,83,1
13.136,-74.170,83,1
13.786,-74.173,83,1
14.163,-74.100,83,1
14.403,-73.980,83,1
14.710,-73.815,83,1
15.333,-73.664,83,1
16.000,-73.605,83,1
16.549,-73.552,83,1
17.302,-73.490,83,1
17.985,-73.483,83,1
18.772,-73.446,83,1
19.164,-73.356,83,1
19.052,-73.219,83,1
18.745,-73.063,83,1
18.670,-73.001,83,1
80.805,-71.907,84,1
81.736,-71.994,84,1
82.836,-72.032,84,1
83.645,-71.976,84,1
84.038,-71.892,84,1
84.467,-71.735,84,1
85.292,-71.555,84,1
86.140,-71.484,84,1
86.758,-71.344,84,1
87.583,-70.834,84,1
87.897,-70.501,84,1
87.867,-70.174,84,1
87.731,-69.915,84,1
87.515,-69.669,84,1
87.174,-69.483,84,1
86.766,-69.342,84,1
86.358,-69.101,84,1
86.293,-68.890,84,1
86.489,-68.758,84,1
86.765,-68.702,84,1
87.066,-68.733,84,1
87.293,-68.786,84,1
87.806,-68.752,84,1
88.176,-68.648,84,1
88.396,-68.455,84,1
88.401,-68.168,84,1
88.327,-67.810,84,1
87.963,-67.508,84,1
87.588,-67.295,84,1
87.163,-67.081,84,1
86.636,-66.863,84,1
86.138,-66.714,84,1
85.597,-66.596,84,1
84.868,-66.548,84,1
84.319,-66.438,84,1
83.838,-66.261,84,1
83.478,-66.125,84,1
82.970,-66.030,84,1
82.419,-66.020,84,1
81.955,-66.050,84,1
81.436,-65.991,84,1
81.038,-65.891,84,1
80.700,-65.809,84,1
80.368,-65.788,84,1
80.132,-65.832,84,1
79.954,-65.936,84,1
79.904,-66.063,84,1
80.065,-66.222,84,1
80.065,-66.381,84,1
79.831,-66.519,84,1
79.540,-66.570,84,1
79.031,-66.610,84,1
78.583,-66.587,84,1
78.161,-66.595,84,1
77.864,-66.646,84,1
77.514,-66.661,84,1
77.253,-66.593,84,1
77.010,-66.432,84,1
76.813,-66.279,84,1
76.594,-66.117,84,1
76.384,-65.943,84,1
76.145,-65.811,84,1
75.824,-65.717,84,1
75.479,-65.635,84,1
75.094,-65.611,84,1
74.817,-65.625,84,1
74.545,-65.678,84,1
74.401,-65.759,84,1
74.318,-65.893,84,1
74.312,-66.063,84,1
74.255,-66.186,84,1
74.092,-66.332,84,1
73.798,-66.467,84,1
73.406,-66.557,84,1
73.081,-66.670,84,1
72.907,-66.802,84,1
72.848,-67.002,84,1
72.906,-67.195,84,1
73.051,-67.466,84,1
73.178,-67.694,84,1
73.288,-67.921,84,1
73.153,-68.202,84,1
72.963,-68.534,84,1
72.724,-68.842,84,1
72.602,-69.135,84,1
72.555,-69.461,84,1
72.638,-69.751,84,1
72.790,-69.938,84,1
73.079,-70.204,84,1
73.491,-70.495,84,1
73.838,-70.728,84,1
74.082,-70.980,84,1
74.447,-71.328,84,1
74.834,-71.490,84,1
75.369,-71.648,84,1
75.981,-71.756,84,1
76.686,-71.791,84,1
77.400,-71.768,84,1
78.073,-71.734,84,1
78.852,-71.716,84,1
79.583,-71.771,84,1
80.805,-71.907,84,1
197.747,-63.114,85,1
197.875,-62.948,85,1
198.020,-62.758,85,1
197.944,-62.674,85,1
197.687,-62.640,85,1
197.315,-62.641,85,1
196.904,-62.630,85,1
196.497,-62.615,85,1
196.064,-62.627,85,1
195.843,-62.605,85,1
195.673,-62.494,85,1
195.592,-62.326,85,1
195.541,-62.169,85,1
195.524,-62.040,85,1
195.751,-61.892,85,1
196.146,-61.853,85,1
196.449,-61.871,85,1
196.849,-61.914,85,1
197.122,-61.905,85,1
197.377,-61.810,85,1
197.354,-61.667,85,1
197.126,-61.545,85,1
196.806,-61.444,85,1
196.342,-61.359,85,1
195.860,-61.276,85,1
195.313,-61.203,85,1
194.776,-61.144,85,1
194.450,-61.150,85,1
193.980,-61.171,85,1
193.537,-61.222,85,1
193.151,-61.196,85,1
192.941,-61.112,85,1
192.733,-61.072,85,1
192.498,-61.060,85,1
192.320,-61.101,85,1
192.204,-61.201,85,1
192.086,-61.258,85,1
191.759,-61.258,85,1
191.403,-61.244,85,1
190.988,-61.226,85,1
190.632,-61.237,85,1
190.245,-61.260,85,1
189.947,-61.258,85,1
189.625,-61.237,85,1
189.385,-61.277,85,1
189.195,-61.373,85,1
189.088,-61.542,85,1
189.045,-61.713,85,1
188.906,-61.883,85,1
188.738,-62.019,85,1
188.521,-62.098,85,1
188.236,-62.165,85,1
188.128,-62.277,85,1
188.080,-62.403,85,1
188.096,-62.517,85,1
188.275,-62.593,85,1
188.703,-62.647,85,1
189.102,-62.700,85,1
189.411,-62.762,85,1
189.653,-62.810,85,1
189.869,-62.872,85,1
189.923,-62.971,85,1
189.855,-63.041,85,1
189.597,-63.124,85,1
189.213,-63.200,85,1
188.661,-63.291,85,1
188.108,-63.375,85,1
187.648,-63.448,85,1
187.287,-63.537,85,1
187.039,-63.658,85,1
186.951,-63.797,85,1
187.095,-63.902,85,1
187.433,-64.015,85,1
187.782,-64.083,85,1
188.098,-64.174,85,1
188.280,-64.295,85,1
188.264,-64.396,85,1
188.087,-64.462,85,1
187.855,-64.470,85,1
187.583,-64.490,85,1
187.381,-64.512,85,1
187.233,-64.607,85,1
187.111,-64.733,85,1
187.143,-64.933,85,1
187.160,-65.221,85,1
187.090,-65.420,85,1
187.073,-65.677,85,1
186.963,-65.889,85,1
186.924,-66.072,85,1
187.074,-66.192,85,1
187.353,-66.243,85,1
187.718,-66.182,85,1
188.049,-66.107,85,1
188.451,-65.997,85,1
188.986,-65.940,85,1
189.411,-65.862,85,1
189.843,-65.740,85,1
190.201,-65.616,85,1
190.614,-65.550,85,1
191.034,-65.509,85,1
191.478,-65.438,85,1
191.650,-65.357,85,1
191.755,-65.225,85,1
191.929,-65.071,85,1
192.096,-64.955,85,1
192.402,-64.898,85,1
192.633,-64.882,85,1
193.005,-64.908,85,1
193.281,-65.007,85,1
193.562,-65.146,85,1
193.835,-65.257,85,1
194.115,-65.327,85,1
194.492,-65.336,85,1
194.862,-65.284,85,1
195.090,-65.165,85,1
195.405,-64.973,85,1
195.619,-64.813,85,1
195.731,-64.665,85,1
196.008,-64.502,85,1
196.323,-64.380,85,1
196.726,-64.235,85,1
197.121,-64.053,85,1
197.409,-63.842,85,1
197.499,-63.625,85,1
197.548,-63.408,85,1
197.747,-63.114,85,1
