Type,RA,Dec,pmRA,pmDec,V,B,Dist,RV,Spec,Comp,Delta,Sep,PA,Year,T,a,e,i,w,n,P,Vtype,Vmin,Vmax,Vper,Vepoch,IDs,Names
DS,01 56 09.36,+37 15 06.6,+0.01535,+0.0116,+5.69,+6.75,1.004E+02,+61.6,K0III,A,+0.40,199.7,297.0,1984.00,,,,,,,,,,,,,56 And;HR 557;HD 11749;SAO 55107;BD +36 355;WDS 01562+3715;HIP 9021;TYC 2319-1796-1;GAIA 342474339928013056,
DS,02 03 53.95,+42 19 47.0,+0.00389,-0.0509,+2.17,+3.57,1.088E+02,-11.5,K3-IIb,A,+2.58,9.6,63.0,1987.00,,,,,,,,,,,,,gamma1 And;57 And;HR 603;HD 12533;SAO 37734;BD +41 395;WDS 02039+4220;HIP 9640;TYC 2837-2311-1,Almach
DS,22 28 49.91,-00 01 11.9,+0.01275,+0.0375,+4.10,+4.56,3.172E+01,+24.1,F3V,AB,+0.06,2.3,157.8,2020.00,1987.2871,3.1784,0.3001,141.98,284.87,137.98,426.651700,,,,,,zeta2 Aqr;55 Aqr;HR 8559;HD 213052;SAO 146108;BD -00 4365;WDS 22288-0001;HIP 110960;TYC 5226-1605-1,
DS,23 19 06.67,-13 27 30.8,+0.01821,-0.0449,+5.20,+5.99,2.074E+01,+10.3,G5IV,Aa,+2.36,12.6,351.0,1984.00,,,,,,,,,,,,,94 Aqr;HR 8866;GJ 894.2A;HD 219834;SAO 165625;BD -14 6448;WDS 23191-1328;HIP 115126;TYC 5827-1271-1,
DS,19 04 57.67,-04 01 53.1,+0.00154,-0.0266,+5.40,+6.52,9.641E+01,-23.9,K1III,A,+1.80,38.8,209.0,1976.00,,,,,,,,,,,,,h Aql;15 Aql;HR 7225;HD 177463;SAO 142996;BD -04 4684;WDS 19050-0402;HIP 93717;TYC 5136-0044-1;GAIA 4260690192802784384,
DS,19 54 37.65,-08 13 38.2,+0.00053,-0.0259,+5.69,+5.61,1.380E+02,-6.0,B7Vn,A,+0.78,36.0,170.0,1968.00,,,,,,,,,,,,,57 Aql;HR 7593;HD 188293;SAO 143898;BD -08 5154;WDS 19546-0814;HIP 97966;TYC 5725-3091-1;GAIA 4195366939990617728,
DV,01 53 31.81,+19 17 37.9,+0.00545,-0.0973,+3.88,+3.83,5.095E+01,-0.6,A2:VpSiHgMn,A,+0.00,7.5,0.0,1988.00,,,,,,,,ACV,+4.62,+4.66,2.61,,gamma2 Ari;5 Ari;HR 546;HD 11502;SAO 92681;BD +18 243;WDS 01535+1918;HIP 8832;TYC 1209-1833-1;GAIA 93806419367308544,Mesarthim
DS,01 57 55.72,+23 35 45.8,-0.00671,-0.0132,+4.77,+5.07,4.036E+01,-3.1,F0V,A,,38.5,47.0,1972.00,,,,,,,,,,,,,lambda Ari;9 Ari;HR 569;HD 11973;SAO 75051;BD +22 288;WDS 01579+2336;HIP 9153;TYC 1757-1964-1;GAIA 104716907609412352,
DV,05 59 43.27,+37 12 45.3,+0.00352,-0.0736,+2.65,+2.57,5.311E+01,+29.3,A0VpSi,AB,+4.60,4.1,303.5,2020.00,1784.6680,3.6754,0.7131,117.06,301.06,86.36,471.635800,ACV,+2.62,+2.70,3.62,,theta Aur;37 Aur;HR 2095;HD 40312;SAO 58636;BD +37 1380;WDS 05597+3713;HIP 28380;TYC 2418-1573-1,Mahasim
DV,14 13 29.01,+51 47 23.9,+0.00667,-0.0096,+4.52,+4.73,4.962E+01,-17.4,A8IV,AB,+2.07,13.7,235.5,2020.00,2902.0196,30.2404,0.6865,93.27,242.04,51.24,10141.554700,DSCTC,+4.50,+4.58,0.06,,kappa2 Boo;17 Boo;HR 5329;HD 124675;SAO 29046;BD +52 1782;WDS 14135+5147;HIP 69483;TYC 3471-1250-1;GAIA 1511793067598402944,
DS,14 40 43.57,+16 25 06.0,+0.00097,+0.0156,+4.86,+4.77,9.675E+01,+2.3,B9III-HgMn,A,+0.88,5.6,109.0,1988.00,,,,,,,,,,,,,pi1 Boo;29 Boo;HR 5475;HD 129174;SAO 101138;BD +17 2768;WDS 14407+1625;HIP 71762;TYC 1477-1336-1;GAIA 1234645287617291520,
DS,14 41 08.90,+13 43 42.3,+0.00417,-0.0240,+3.78,+3.82,5.388E+01,-5.5,A2III,BA,+0.04,0.2,280.2,2020.00,1898.5809,0.8250,0.9800,126.00,61.80,176.50,125.240000,,,,,,zeta Boo;30 Boo;HR 5477;HD 129246;SAO 101145;BD +14 2770;WDS 14411+1344;HIP 71795;TYC 0917-1471-1;GAIA 1185648953539868800,
DS,14 44 59.22,+27 04 27.2,-0.00380,+0.0210,+2.50,+3.63,7.232E+01,-17.0,K0-II-III,A,+2.40,2.6,343.0,1988.00,,,,,,,,,,,,,epsilon Boo;36 Boo;HR 5506;HD 129989;SAO 83500;BD +27 2417;WDS 14450+2704;HIP 72105;TYC 2019-1250-1;GAIA 1279798794197267072,Izar
DV,14 51 23.38,+19 06 01.7,+0.00899,-0.0406,+4.67,+5.39,6.754E+00,+1.6,G8Ve+K4Ve,AB,+2.14,5.3,297.0,2020.00,1909.6220,4.9345,0.5139,140.45,25.49,168.79,152.961400,BY,+4.52,+4.67,10.14,,xi Boo;37 Boo;HR 5544;GJ 566A;HD 131156;SAO 101250;BD +19 2870;WDS 14514+1906;HIP 72659;TYC 1481-0722-1;GAIA 1237090738916392704,
DS,15 24 29.43,+37 22 37.8,-0.01258,+0.0896,+4.30,+4.62,3.763E+01,-12.1,F2IVa,A,,0.1,280.0,1993.00,,,,,,,,,,,,,mu1 Boo;51 Boo;HR 5733;GJ 3903A;HD 137391;SAO 64686;BD +37 2636;WDS 15245+3723;HIP 75411;TYC 2570-1521-1;GAIA 1387349379494809600,Alkalurops
DS,12 49 13.66,+83 24 46.4,-0.01636,+0.0176,+5.31,+5.34,9.302E+01,+2.3,A1III(shell),A,+0.57,21.5,326.0,1978.00,,,,,,,,,,,,,HR 4893;HD 112028;SAO 2102;BD +84 290;WDS 12492+8325;HIP 62572;TYC 4633-1785-1,
DS,08 12 12.73,+17 38 52.0,+0.00198,-0.1509,+5.63,+6.17,2.557E+01,-9.4,F8V,AB,+0.90,1.1,4.2,2020.00,1929.5284,0.8527,0.3144,173.57,239.23,67.75,59.425200,,,,,,zeta1 Cnc;16 Cnc;HR 3208;HD 68257;SAO 97645;BD +18 1867;WDS 08122+1739;HIP 40167;TYC 1381-1638-1,Tegmine
DS,08 46 41.82,+28 45 35.6,-0.00157,-0.0440,+4.02,+5.01,9.141E+01,+15.7,G8II-III,A,+2.55,30.4,307.0,1973.00,,,,,,,,,,,,,iota Cnc;48 Cnc;HR 3475;HD 74739;SAO 80416;BD +29 1824;WDS 08467+2846;HIP 43103;TYC 1949-2011-1,
DV,12 56 01.67,+38 19 06.2,-0.01986,+0.0550,+2.89,+2.83,3.056E+01,-3.3,A0II-IIIpSiEuCr,A,+2.71,19.3,228.0,1984.00,,,,,,,,ACV,+2.84,+2.98,5.47,2448502.94,alpha2 CVn;12 CVn;HR 4915;HD 112413;SAO 63257;BD +39 2580;WDS 12560+3819;HIP 63125;TYC 3021-2645-1;GAIA 1517698716348324992,Cor Caroli
DS,06 45 08.92,-16 42 58.0,-0.03801,-1.2231,-1.44,-1.43,2.637E+00,-7.6,A1Vm,AB,+9.87,11.2,68.1,2020.00,1994.5703,7.4957,0.5914,136.34,149.16,45.40,50.128400,,,,,,alpha CMa;9 CMa;HR 2491;GJ 244A;HD 48915;SAO 151881;BD -16 1591;WDS 06451-1643;HIP 32349;TYC 5949-2777-1,Sirius
DS,06 58 37.55,-28 58 19.5,+0.00020,+0.0023,+1.53,+1.40,1.321E+02,+27.3,B2II,,+6.00,7.5,161.0,1951.00,,,,,,,,,,,,,epsilon CMa;21 CMa;HR 2618;HD 52089;SAO 172676;CD -28 3666;WDS 06586-2858;HIP 33579;TYC 6535-3619-1,Adhara
DS,07 16 36.83,-23 18 56.1,-0.00028,+0.0039,+4.82,+6.51,8.227E+02,+27.9,K3Ib-II,A,+2.01,26.8,53.0,1985.00,,,,,,,,,,,,,HR 2764;HD 56577;SAO 173349;CD -23 5189;WDS 07166-2319;HIP 35210;TYC 6537-3290-1;GAIA 5618016960638976896,
DS,20 18 03.26,-12 32 41.5,+0.00418,+0.0024,+3.58,+4.53,3.343E+01,+0.7,G9III,A,+7.40,6.6,172.0,1959.00,,,,,,,,,,,,,alpha2 Cap;6 Cap;HR 7754;HD 192947;SAO 163427;BD -12 5685;WDS 20181-1233;HIP 100064;TYC 5749-2530-1;GAIA 6880093650314169984,Algedi
DS,09 47 06.12,-65 04 19.2,-0.00206,+0.0076,+3.01,+3.28,2.676E+02,+14.0,A6Ib,A,+3.00,5.0,127.0,1977.00,,,,,,,,,,,,,upsilon Car;HR 3890;HD 85123;SAO 250695;CP -64 1084;WDS 09471-6504;HIP 48002;TYC 8950-2272-1;GAIA 5249119024128109952,
DS,10 38 45.00,-59 10 58.8,-0.00193,+0.0006,+4.74,+6.37,4.341E+02,+10.2,K4-5III:,A,+3.30,14.5,21.0,1956.00,,,,,,,,,,,,,HR 4177;HD 92397;SAO 238295;CP -58 2460;WDS 10387-5911;HIP 52102;TYC 8613-3365-1;GAIA 5350588691660896128,
DS,00 02 36.09,+66 05 56.3,+0.00119,-0.0001,+5.84,+6.91,2.461E+02,-17.2,G8III,A,+1.45,15.2,70.0,1984.00,,,,,,,,,,,,,HR 9094;HD 225009;SAO 10937;BD +65 1987;WDS 00026+6606;HIP 207;TYC 4026-0680-1;GAIA 432336806794345472,
DV,00 49 06.29,+57 48 54.7,+0.13606,-0.5597,+3.45,+4.02,5.953E+00,+9.0,F9V,AB,+3.78,13.4,326.3,2020.00,1889.9311,12.0400,0.4970,35.60,269.80,278.00,479.270000,RS:,+3.58,+3.63,,,eta Cas;24 Cas;HR 219;GJ 34A;HD 4614;SAO 21732;BD +57 150;WDS 00491+5749;HIP 3821;TYC 3663-2669-1,Achird
DS,01 08 16.39,+54 55 13.2,+0.39694,-1.6004,+5.17,+5.87,7.552E+00,-98.1,G5Vb,A,,0.2,334.0,1974.00,,,,,,,,,,,,,mu Cas;30 Cas;HR 321;GJ 53A;HD 6582;SAO 22024;BD +54 223;WDS 01083+5455;HIP 5336;TYC 3673-1929-1,
DS,23 59 00.54,+55 45 17.7,+0.00105,-0.0045,+4.88,+4.81,3.647E+02,-7.4,B1V,A,+2.00,3.1,327.0,1983.00,,,,,,,,,,,,,sigma Cas;8 Cas;HR 9071;HD 224572;SAO 35947;BD +54 3082;WDS 23590+5545;HIP 118243;TYC 4005-2470-1;GAIA 1993966432915818112,
DV,12 08 21.50,-50 43 20.7,-0.00501,-0.0064,+2.58,+2.45,1.212E+02,+11.0,B2IVne,A,+2.20,268.6,325.0,1913.00,,,,,,,,BE,+2.51,+2.65,1.92,,delta Cen;HR 4621;HD 105435;SAO 239689;CD -50 6697;WDS 12084-5043;HIP 59196;TYC 8241-3235-1,
DV,13 51 49.60,-32 59 38.7,-0.00276,-0.0295,+4.55,+4.41,1.009E+02,+10.0,B5IIIp,A,+1.50,7.9,106.0,1986.00,,,,,,,,E:,+4.27,+4.32,,,3 Cen;V983 Cen;HR 5210;HD 120709;SAO 204916;CD -32 9676;WDS 13518-3300;HIP 67669;TYC 7283-2100-1;GAIA 6170485544575679104,
DV,14 03 49.40,-60 22 22.9,-0.00458,-0.0251,+0.64,+0.49,1.610E+02,+5.9,B1III,,+3.00,1.3,251.0,1960.00,,,,,,,,BCEP,+0.61,+0.66,0.30,,beta Cen;HR 5267;HD 122451;SAO 252582;CP -59 5365;WDS 14038-6022;HIP 68702;TYC 9005-3919-1,Hadar
DS,14 39 36.49,-60 50 02.3,-0.50332,+0.4830,-0.01,+0.70,1.347E+00,-26.2,G2V,AB,+1.31,5.5,345.4,2020.00,1955.6597,17.6600,0.5240,79.32,232.30,204.75,79.910000,,,,,,alpha1 Cen;HR 5459;GJ 559A;HD 128620;SAO 252838;CP -60 5483;WDS 14396-6050;HIP 71683;TYC 9007-5849-1,Rigil Kentaurus
DV,21 28 39.60,+70 33 38.6,+0.00252,+0.0087,+3.23,+3.02,2.101E+02,-8.2,B1IV,A,,0.1,51.0,1990.00,,,,,,,,BCEP,+3.12,+3.17,0.19,,beta Cep;8 Cep;HR 8238;HD 205021;SAO 10057;BD +69 1173;WDS 21287+7034;HIP 106032;TYC 4465-2643-1;GAIA 2272185759996420992,Alfirk
DS,21 38 57.62,+57 29 20.5,-0.00045,-0.0055,+5.70,+5.86,7.351E+02,-7.8,O6.5V((f)),A,+2.36,11.8,120.0,1969.00,,,,,,,,,,,,,HR 8281;HD 206267;SAO 33626;BD +56 2617;WDS 21390+5729;HIP 106886;TYC 3975-1822-1;GAIA 2178396937123250432,
DS,21 52 01.04,+55 47 48.3,+0.00199,+0.0018,+5.69,+5.59,1.954E+02,-6.5,B6IV-V,A,+0.94,18.3,196.0,1983.00,,,,,,,,,,,,,HR 8357;HD 208095;SAO 33819;BD +55 2639;WDS 21520+5548;HIP 107930;TYC 3972-2736-1;GAIA 2174870184851810048,
DS,22 03 47.45,+64 37 40.7,+0.03307,+0.0891,+4.40,+4.75,3.113E+01,-7.2,A3/6Vm,AB,+1.95,8.1,274.3,2020.00,1681.8760,9.3331,0.7490,116.24,76.32,112.05,2501.305100,,,,,,xi Cep;17 Cep;HR 8417;HD 209790;SAO 19827;BD +63 1802;WDS 22038+6438;HIP 108917;TYC 4271-2620-1;GAIA 2218144110660778368,Kurhah
DV,22 29 10.27,+58 24 54.7,+0.00185,+0.0032,+4.07,+4.83,2.813E+02,-12.8,F5Ib-G2Ib,A,,21.0,284.0,1961.00,,,,,,,,DCEP,+3.48,+4.37,5.37,2455479.90,delta Cep;27 Cep;HR 8571;HD 213306;SAO 34508;BD +57 2548;WDS 22292+5825;HIP 110991;TYC 3995-1479-1;GAIA 2200153454733285248,
DS,02 43 18.04,+03 14 08.9,-0.00978,-0.1453,+3.47,+3.56,2.514E+01,-5.1,A3V,,+3.80,2.9,297.0,1986.00,,,,,,,,,,,,,gamma Cet;86 Cet;HR 804;GJ 106.1A;HD 16970;SAO 110707;BD +02 422;WDS 02433+0314;HIP 12706;TYC 0050-1721-1,Kaffaljidhma
DS,12 35 07.76,+18 22 37.4,-0.00021,+0.0233,+4.99,+6.12,1.121E+02,+3.1,K2III,A,+1.54,20.3,271.0,1973.00,,,,,,,,,,,,,24 Com;HR 4792;HD 109511;SAO 100160;BD +19 2584;WDS 12351+1823;HIP 61418;TYC 1446-2469-1;GAIA 3947649169267207296,
DS,18 06 49.89,-43 25 30.8,+0.00100,-0.1058,+5.67,+5.90,4.397E+01,-6.0,A5V,AB,+0.05,1.7,357.8,2020.00,1854.7018,2.0400,0.6500,123.10,282.70,85.80,450.000000,,,,,,HR 6749;HD 165189;SAO 228708;CD -43 12272;WDS 18068-4325;HIP 88726;TYC 7911-5035-1;GAIA 6724105656508792576,
DS,19 06 25.11,-37 03 48.4,+0.00810,-0.2797,+4.23,+4.75,1.789E+01,-51.3,F8V,AB,+1.87,1.5,329.4,2020.00,1877.8056,1.8805,0.3157,147.87,345.87,48.73,122.205300,,,,,,gamma CrA;HR 7226;GJ 743.1A;HD 177474;SAO 210928;CD -37 13048;WDS 19064-3704;HIP 93825;TYC 7422-1737-1,
DS,15 39 22.67,+36 38 08.9,-0.00129,-0.0075,+5.00,+4.90,1.556E+02,-19.1,B7V,A,+0.90,6.3,305.0,1978.00,,,,,,,,,,,,,zeta2 CrB;7 CrB;HR 5834;HD 139892;SAO 64834;BD +37 2665;WDS 15394+3638;HIP 76669;TYC 2577-1754-1;GAIA 1374695306328813568,
DV,16 14 40.85,+33 51 31.0,-0.02153,-0.0873,+5.54,+6.12,2.270E+01,-14.6,G0VCaIIe,AB,+0.78,7.3,239.1,2020.00,1827.9385,4.9857,0.7713,23.18,76.81,0.97,656.703600,RS+DSCT:,+5.69,+5.74,1.14,2423869.56,sigma CrB;17 CrB;TZ CrB;HR 6063;GJ 615.2A;HD 146361;SAO 65165;BD +34 2750;WDS 16147+3352;HIP 79607;TYC 2583-1846-1;GAIA 1328866562170960512,
DS,12 29 51.86,-16 30 55.6,-0.01455,-0.1392,+2.97,+2.95,2.627E+01,+9.0,B9.5V,A,+5.52,24.1,214.0,1958.00,,,,,,,,,,,,,delta Crv;7 Crv;HR 4757;HD 108767;SAO 157323;BD -15 3482;WDS 12299-1631;HIP 60965;TYC 6103-2395-1;GAIA 3520586071217872896,Algorab
DS,12 26 35.90,-63 05 56.7,-0.00521,-0.0147,+1.28,+1.11,9.833E+01,-11.2,B0.5IV,A,+0.50,4.0,112.0,1994.00,,,,,,,,,,,,,alpha1 Cru;HR 4730;HD 108248;SAO 251904;CP -62 2745;WDS 12266-6306;HIP 60718;TYC 8979-3464-1,Acrux
DS,12 31 09.96,-57 06 47.6,+0.00343,-0.2643,+1.65,+3.17,2.696E+01,+21.3,M3.5III,A,+4.79,110.6,31.0,1919.00,,,,,,,,,,,,,gamma Cru;HR 4763;HD 108903;SAO 240019;CP -56 5272;WDS 12312-5707;HIP 61084;TYC 8654-3422-1,Gacrux
DV,12 54 35.62,-57 10 40.5,-0.00389,-0.0134,+4.00,+3.83,1.248E+02,+13.9,B2IV-V,A,+1.14,34.9,17.0,1980.00,,,,,,,,GCAS,+4.99,+5.18,,,mu1 Cru;HR 4898;HD 112092;SAO 240366;CP -56 5487;WDS 12546-5710;HIP 63003;TYC 8656-3488-1;GAIA 6060547163656965120,
DS,19 30 43.28,+27 57 34.9,-0.00054,-0.0056,+3.08,+4.17,1.182E+02,-24.0,K3II,Aa,,0.4,150.0,1992.00,,,,,,,,,,,,,beta1 Cyg;6 Cyg;HR 7417;HD 183912;SAO 87301;BD +27 3410;WDS 19307+2758;HIP 95947;TYC 2133-2964-1,Albireo
DS,19 44 58.48,+45 07 50.9,+0.00396,+0.0473,+2.91,+2.89,4.729E+01,-20.1,B9.5IV+F1V,AB,+3.31,2.8,214.8,2020.00,1866.3586,2.6887,0.4396,154.25,151.11,138.60,657.172200,,,,,,delta Cyg;18 Cyg;HR 7528;HD 186882;SAO 48796;BD +44 3234;WDS 19450+4508;HIP 97165;TYC 3557-2486-1;GAIA 2079784488001577600,Fawaris
DS,19 41 48.95,+50 31 30.2,-0.01552,-0.1590,+5.96,+6.61,2.113E+01,-27.3,G1.5Vb,AB,+0.20,39.8,133.2,2020.00,153.2882,35.2420,0.8630,135.44,26.60,313.44,13512.700000,,,,,,16 Cyg;HR 7503;GJ 765.1A;HD 186408;SAO 31898;BD +50 2847;WDS 19418+5032;HIP 96895;TYC 3565-1524-1;GAIA 2135550755683405952,
DV,20 13 37.91,+46 44 28.8,+0.00041,+0.0019,+3.81,+5.00,4.149E+02,-6.9,K2II+B3V,Aa,+3.21,107.0,173.0,1926.00,,,,,,,,EA/GS/D,+3.73,+3.89,3784.30,2441470.00,omicron1 Cyg;31 Cyg;V695 Cyg;HR 7735;HD 192577;SAO 49337;BD +46 2882;WDS 20136+4644;HIP 99675;TYC 3559-2797-1,
DS,21 06 55.26,+38 44 31.4,+0.35088,+3.1570,+6.06,+7.36,3.496E+00,-64.6,K7V,BA,+0.80,31.8,153.3,2020.00,1699.2838,25.2474,0.5417,56.29,313.94,1.25,618.691100,,,,,,61 Cyg;HR 8086;GJ 820B;HD 201092;SAO 70919;BD +38 4344;WDS 21069+3845;HIP 104217;TYC 3168-2798-1;GAIA 1872046574983497216,
DS,20 46 39.50,+16 07 27.5,-0.00211,-0.1975,+4.26,+5.30,3.554E+01,-6.4,K1IV,AB,+0.64,8.9,264.7,2020.00,2304.9922,10.2200,0.8800,148.78,331.16,88.06,3249.000000,,,,,,gamma2 Del;12 Del;HR 7948;HD 197964;SAO 106476;BD +15 4255;WDS 20467+1607;HIP 102532;TYC 1634-3056-1;GAIA 1763000413344449792,
DS,16 36 13.72,+52 55 27.9,-0.00135,+0.0268,+5.08,+5.04,1.268E+02,-10.4,B9V,A,+1.00,3.3,106.0,1983.00,,,,,,,,,,,,,17 Dra;HR 6185;HD 150117;SAO 30013;BD +53 1876;WDS 16362+5255;HIP 81292;TYC 3879-2960-2;GAIA 1425769751741972352,
DS,17 05 20.12,+54 28 12.2,-0.01123,+0.0949,+5.55,+6.03,2.718E+01,-14.3,F7V,AB,+0.06,2.6,358.2,2020.00,1938.8477,2.9582,0.2213,146.57,31.36,128.83,424.271300,,,,,,mu Dra;21 Dra;HR 6370;GJ 9584A;HD 154906;SAO 30239;BD +54 1857;WDS 17053+5428;HIP 83608;TYC 3890-1396-1;GAIA 1420101696285626624,Alrakis
DS,17 32 16.03,+55 10 22.7,+0.01685,+0.0596,+4.86,+5.16,2.992E+01,-16.0,A4m,A,+0.01,61.9,312.0,1986.00,,,,,,,,,,,,,nu2 Dra;25 Dra;HR 6555;HD 159560;SAO 30450;BD +55 1945;WDS 17323+5510;HIP 85829;TYC 3892-1621-1;GAIA 1420972548150735744,
DS,17 41 56.36,+72 08 55.8,+0.00579,-0.2698,+4.57,+5.00,2.204E+01,-10.3,F5IV-V,AB,+0.90,29.6,17.2,2020.00,3816.9599,31.0000,0.2800,55.00,99.00,16.00,10000.000000,,,,,,psi1 Dra;31 Dra;HR 6636;GJ 694.1A;HD 162003;SAO 8890;BD +72 804;WDS 17419+7209;HIP 86614;TYC 4436-1425-1,Dziban
DS,18 00 09.22,+80 00 14.7,+0.01802,+0.1240,+5.68,+6.18,5.308E+01,+10.0,F7V,AB,+0.30,18.8,231.8,2020.00,3380.9692,24.7400,0.8400,162.00,138.00,233.00,18000.000000,,,,,,41 Dra;HR 6810;HD 166866;SAO 8996;BD +79 571;WDS 18002+8000;HIP 88136;TYC 4578-1433-1,
DS,01 39 47.83,-56 11 36.0,+0.03705,+0.0108,+5.76,+6.64,8.196E+00,+20.2,K0V,AB,+0.12,11.6,185.8,2020.00,1811.9027,7.9800,0.4990,139.60,24.90,16.50,493.300000,,,,,,p Eri;HR 486;GJ 66B;HD 10360;SAO 232490;CP -56 329;WDS 01398-5612;HIP 7751;TYC 8478-1394-1;GAIA 4911306239828325760,
DS,02 58 15.67,-40 18 16.8,-0.00457,+0.0231,+3.22,+3.38,5.024E+01,+12.0,A5IV,A,+1.10,8.3,91.0,1990.00,,,,,,,,,,,,,theta1 Eri;HR 897;HD 18622;SAO 216113;CD -40 771;WDS 02583-4018;HIP 13847;TYC 7563-1016-1;GAIA 5044368071870093312,Acamar
DS,03 48 35.88,-37 37 12.6,+0.00638,-0.0107,+4.75,+4.73,4.943E+01,+16.0,B9V,A,+0.50,8.1,214.0,1986.00,,,,,,,,,,,,,HR 1190;HD 24072;SAO 194551;CD -38 1297;WDS 03486-3737;HIP 17797;TYC 7570-1585-1,
DS,03 54 17.50,-02 57 17.0,+0.00179,+0.0010,+4.72,+5.63,1.033E+02,+24.3,G8III,A,+1.37,6.8,347.0,1984.00,,,,,,,,,,,,,32 Eri;HR 1212;HD 24555;SAO 130806;BD -03 631;WDS 03543-0257;HIP 18255;TYC 4721-1217-1;GAIA 3247046373003772032,
DS,04 15 16.32,-07 39 10.3,-0.15066,-3.4204,+4.42,+5.24,5.044E+00,-42.7,K0.5V,A,+5.30,83.4,104.0,1970.00,,,,,,,,,,,,,omicron2 Eri;40 Eri;HR 1325;GJ 166A;HD 26965;SAO 131063;BD -07 780;WDS 04153-0739;HIP 19849;TYC 5312-2325-1,Keid
DS,03 12 04.53,-28 59 15.4,+0.02831,+0.6123,+3.80,+4.34,1.411E+01,-20.0,F8V,,,4.4,299.0,1994.00,,,,,,,,,,,,,alpha For;HR 963;GJ 127A;HD 20010;SAO 168373;CD -29 1177;WDS 03121-2859;HIP 14879;TYC 6445-0990-1,Dalim
DS,07 20 07.38,+21 58 56.4,-0.00135,-0.0078,+3.54,+3.88,1.803E+01,+4.1,F2IV,,+5.00,5.8,220.0,1990.00,,,,,,,,,,,,,delta Gem;55 Gem;HR 2777;GJ 271A;HD 56986;SAO 79294;BD +22 1645;WDS 07201+2159;HIP 35550;TYC 1359-2672-1,Wasat
DS,07 34 36.10,+31 53 18.6,-0.01620,-0.1482,+2.88,+2.92,1.560E+01,-1.0,A2Vm,BA,+0.97,5.4,52.1,2020.00,1958.6996,6.7550,0.3360,114.60,250.50,41.20,459.800000,,,,,,alpha Gem;66 Gem;HR 2890;GJ 278B;HD 60178;SAO 60198;BD +32 1581;WDS 07346+3153;HIP 36850;TYC 2457-2407-1;GAIA 892348694913501952,
DS,16 08 04.53,+17 02 49.1,-0.00238,-0.0067,+5.00,+5.93,1.208E+02,-10.1,G8III,A,+1.25,27.9,13.0,1985.00,,,,,,,,,,,,,kappa Her;7 Her;HR 6008;HD 145001;SAO 101951;BD +17 2964;WDS 16081+1703;HIP 79043;TYC 1508-1273-1;GAIA 1198898034296727296,Marsic
DS,17 15 01.91,+24 50 21.1,-0.00154,-0.1568,+3.13,+3.22,2.354E+01,-40.0,A3IV,A,,0.1,7.0,1989.00,,,,,,,,,,,,,delta Her;65 Her;HR 6410;GJ 3995A;HD 156164;SAO 84951;BD +25 3221;WDS 17150+2450;HIP 84379;TYC 2065-1930-1;GAIA 4573412435280434560,Sarin
DV,17 14 39.18,+14 23 24.0,-0.00046,+0.0328,+5.33,+6.03,1.172E+02,-32.5,G5III+F2V,BA,+1.92,4.6,102.6,2020.00,1835.0022,4.6800,0.0000,155.80,360.00,119.60,3600.000000,SRC,+2.74,+4.00,,,alpha2 Her;64 Her;HR 6407;HD 156015;SAO 102681;BD +14 3207;WDS 17146+1423;HIP 84345;TYC 0990-2133-1,
DS,17 23 40.94,+37 08 45.4,-0.00323,+0.0092,+4.51,+4.49,1.232E+02,-21.0,B9.5III,Aa,+0.89,4.2,317.0,1980.00,,,,,,,,,,,,,rho Her;75 Her;HR 6485;HD 157779;SAO 66001;BD +37 2878;WDS 17237+3709;HIP 85112;TYC 2604-1777-1,
DS,18 01 30.41,+21 35 44.8,+0.00066,+0.0384,+4.89,+5.00,1.324E+02,-44.9,A5IIIn,A,+0.22,6.2,258.0,1987.00,,,,,,,,,,,,,95 Her;HR 6730;HD 164669;SAO 85648;BD +21 3280;WDS 18015+2136;HIP 88267;TYC 1566-3674-1;GAIA 4576147844112599424,
DS,18 07 49.56,+26 06 04.6,-0.00014,+0.0244,+5.86,+6.02,7.008E+01,-17.0,A3V,Aa,+0.03,14.2,182.0,1982.00,,,,,,,,,,,,,100 Her;HR 6781;HD 166045;SAO 85753;BD +26 3178;WDS 18078+2606;HIP 88818;TYC 2095-3224-1,
DV,08 46 46.51,+06 25 07.7,-0.01550,-0.0402,+3.40,+4.09,4.144E+01,+36.4,K1III:+F0V,AB,+1.51,0.2,271.6,2020.00,1991.2459,0.2547,0.6558,50.01,266.10,107.99,15.050700,BY:,+3.35,+3.39,,,epsilon Hya;11 Hya;HR 3482;HD 74874;SAO 117112;BD +06 2036;WDS 08468+0625;HIP 43109;TYC 0224-1333-1,Ashlesha
DS,11 32 16.40,-29 15 39.7,-0.00151,+0.1449,+5.64,+6.17,2.809E+01,+5.6,F8V,A,+0.10,9.3,210.0,1980.00,,,,,,,,,,,,,HR 4444;HD 100287;SAO 179968;CD -28 8928;WDS 11323-2916;HIP 56280;TYC 6663-1169-1;GAIA 3482326708703712896,
DS,21 19 51.99,-53 26 57.9,+0.01198,-0.0665,+4.50,+4.67,3.025E+01,-8.3,A5V,A,+2.50,6.5,272.0,1982.00,,,,,,,,,,,,,theta Ind;HR 8140;GJ 9733A;HD 202730;SAO 246965;CP -53 10037;WDS 21199-5327;HIP 105319;TYC 8793-1478-1;GAIA 6463748969563201152,
DS,22 35 52.29,+39 38 03.6,-0.00016,-0.0051,+5.71,+5.55,5.287E+02,-13.5,B2Ve,Aa,+0.72,22.4,185.0,1986.00,,,,,,,,,,,,,8 Lac;HR 8603;HD 214168;SAO 72509;BD +38 4808;WDS 22359+3938;HIP 111546;TYC 3205-2482-1;GAIA 1908368597999299840,
DS,10 08 22.31,+11 58 01.9,-0.01700,+0.0049,+1.41,+1.37,2.376E+01,+5.9,B7V,A,+6.77,177.6,307.0,1960.00,,,,,,,,,,,,,alpha Leo;32 Leo;HR 3982;HD 87901;SAO 98967;BD +12 2149;WDS 10084+1158;HIP 49669;TYC 0833-1381-1,Regulus
DS,10 19 58.35,+19 50 29.4,+0.02203,-0.1529,+2.23,+3.43,3.852E+01,-36.6,K1-IIIbFe-0.5,AB,+1.23,4.7,126.6,2020.00,1769.0037,3.1000,0.9300,41.00,114.00,188.00,554.000000,,,,,,gamma1 Leo;41 Leo;HR 4057;HD 89484;SAO 81298;BD +20 2467;WDS 10200+1950;HIP 50583;TYC 1423-1349-1,Algieba
DS,10 55 36.80,+24 44 59.0,-0.00565,-0.0147,+4.47,+4.48,9.309E+01,+3.6,A1V,A,+1.80,6.5,110.0,1987.00,,,,,,,,,,,,,54 Leo;HR 4259;HD 94601;SAO 81583;BD +25 2314;WDS 10556+2445;HIP 53417;TYC 1978-2295-1;GAIA 3996208310033740160,
DS,05 44 27.79,-22 26 54.2,-0.02104,-0.3685,+3.60,+4.09,8.905E+00,-9.0,F6V,A,+2.55,96.8,350.0,1980.00,,,,,,,,,,,,,gamma Lep;13 Lep;HR 1983;GJ 216A;HD 38393;SAO 170759;BD -22 1211;WDS 05445-2227;HIP 27072;TYC 5930-2197-1;GAIA 2964000159821218432,
DS,14 50 52.71,-16 02 30.4,-0.00733,-0.0690,+2.75,+2.92,2.367E+01,-10.0,A3IV,A,+2.40,231.0,314.0,1987.00,,,,,,,,,,,,,alpha2 Lib;9 Lib;HR 5531;GJ 564.1;HD 130841;SAO 158840;BD -15 3966;WDS 14509-1603;HIP 72622;TYC 6155-1210-1,Zubenelgenubi
DS,15 05 07.09,-47 03 04.5,-0.00229,-0.0211,+3.91,+3.77,1.359E+02,+5.0,B5V,A,+0.20,1.6,68.0,1990.00,,,,,,,,,,,,,pi Lup;HR 5605;HD 133242;SAO 225426;CD -46 9773;WDS 15051-4703;HIP 73807;TYC 8297-4705-1;GAIA 5903642967392021504,
DS,15 18 31.94,-47 52 30.4,-0.00275,-0.0457,+4.28,+4.18,1.029E+02,+14.9,B8Ve,AB,+0.03,0.8,114.1,2020.00,2047.9977,1.6570,0.4300,114.60,80.90,137.40,772.000000,,,,,,mu Lup;HR 5683;HD 135734;SAO 225638;CD -47 9860;WDS 15185-4753;HIP 74911;TYC 8298-4182-1;GAIA 5902970689077010304,
DS,15 11 56.08,-48 44 16.1,-0.00982,-0.0488,+3.86,+3.83,5.685E+01,+23.5,B9.5Vne,A,+1.83,26.6,144.0,1982.00,,,,,,,,,,,,,kappa1 Lup;HR 5646;HD 134481;SAO 225525;CD -48 9704;WDS 15119-4844;HIP 74376;TYC 8298-4184-1;GAIA 5902489309145870464,
DS,15 56 53.50,-33 57 58.1,+0.00096,-0.0379,+5.09,+5.21,6.656E+01,-10.0,A3V,A,+0.50,10.4,49.0,1968.00,,,,,,,,,,,,,xi1 Lup;HR 5925;HD 142629;SAO 207144;CD -33 10826;WDS 15569-3358;HIP 78105;TYC 7337-1461-1;GAIA 6012174802400278016,
DS,16 00 07.33,-38 23 48.1,-0.00150,-0.0273,+3.43,+3.22,1.317E+02,+7.7,B2.5IV,A,+4.40,15.0,20.0,1980.00,,,,,,,,,,,,,eta Lup;HR 5948;HD 143118;SAO 207208;CD -38 10797;WDS 16001-3824;HIP 78384;TYC 7851-1814-1;GAIA 5998019895874780928,
DS,06 46 14.13,+59 26 30.0,-0.00242,-0.0084,+4.87,+4.95,7.513E+01,-3.0,A3V,AB,+0.56,1.9,65.0,2020.00,2138.6728,2.5566,0.4285,118.26,64.46,40.35,733.149300,,,,,,12 Lyn;HR 2470;HD 48250;SAO 25939;BD +59 1015;WDS 06462+5927;HIP 32438;TYC 3778-1983-1;GAIA 1001751471970061184,
DS,09 18 50.64,+36 48 09.3,-0.00275,-0.1262,+3.82,+3.89,4.047E+01,+4.0,A3V,AB,+2.08,2.6,222.6,2020.00,1545.7088,6.4453,0.7705,104.32,107.28,87.30,2782.833600,,,,,,38 Lyn;HR 3690;HD 80081;SAO 61391;BD +37 1965;WDS 09188+3648;HIP 45688;TYC 2499-1655-1;GAIA 810952158347760128,
DV,18 36 56.34,+38 47 01.3,+0.01719,+0.2875,+0.03,+0.03,7.756E+00,-13.9,A0Va,A,+9.50,62.8,173.0,1946.00,,,,,,,,DSCTC,-0.02,+0.07,0.19,,alpha Lyr;3 Lyr;HR 7001;GJ 721;HD 172167;SAO 67174;BD +38 3238;WDS 18369+3846;HIP 91262;TYC 3105-2070-1,Vega
DS,18 44 20.31,+39 40 14.8,+0.00120,+0.0624,+6.00,+6.30,4.833E+01,-31.2,F1V,BA,+0.95,2.3,344.5,2020.00,190.0374,4.1700,0.2430,118.60,198.00,198.00,1725.000000,,,,,,epsilon1 Lyr;4 Lyr;HR 7052;HD 173583;SAO 67309;BD +39 3509;WDS 18443+3940;HIP 91919;TYC 3122-3438-1;GAIA 2098237656065233792,
DS,18 44 46.36,+37 36 18.4,+0.00246,+0.0266,+4.34,+4.55,4.710E+01,-26.0,A4m,A,+11.40,25.5,50.0,1934.00,,,,,,,,,,,,,zeta1 Lyr;6 Lyr;HR 7056;HD 173648;SAO 67321;BD +37 3222;WDS 18448+3736;HIP 91971;TYC 3118-2080-1,
DV,18 50 04.79,+33 21 45.6,+0.00016,-0.0037,+3.52,+3.52,2.779E+02,-29.5,B9I+B5p,A,+5.20,45.7,149.0,1975.00,,,,,,,,EB,+3.25,+4.36,12.91,2408247.95,beta Lyr;10 Lyr;HR 7106;HD 174638;SAO 67451;BD +33 3223;WDS 18501+3322;HIP 92420;TYC 2642-2929-1;GAIA 2090687795056051328,Sheliak
DS,18 53 43.56,+36 58 18.2,+0.00012,-0.0029,+5.58,+5.44,3.555E+02,-25.8,B2.5V,A,+3.60,174.6,20.0,1905.00,,,,,,,,,,,,,delta1 Lyr;11 Lyr;HR 7131;HD 175426;SAO 67537;BD +36 3307;WDS 18537+3658;HIP 92728;TYC 2650-2146-1;GAIA 2093922180304989568,
DS,06 23 46.09,+04 35 34.3,-0.00140,+0.0108,+4.41,+4.60,3.939E+01,+13.3,A5IV,A,+2.28,12.7,27.0,1985.00,,,,,,,,,,,,,epsilon Mon;8 Mon;HR 2298;HD 44769;SAO 113810;BD +04 1236;WDS 06238+0436;HIP 30419;TYC 0141-2452-1,
DV,06 28 49.07,-07 01 59.0,-0.00044,-0.0030,+4.64,+4.52,2.118E+02,+10.1,B3Ve,A,+0.80,7.2,132.0,1991.00,,,,,,,,BE,+3.77,+3.84,,,beta Mon;11 Mon;HR 2356;HD 45725;SAO 133316;BD -06 1574;WDS 06288-0702;HIP 30867;TYC 4797-1881-1;GAIA 3006953165674563200,
DS,12 46 16.81,-68 06 29.2,-0.00722,-0.0103,+3.08,+2.91,9.542E+01,+42.0,B2V,AB,+0.38,0.9,58.6,2020.00,2041.1034,1.5127,0.2428,54.41,74.19,26.96,459.480200,,,,,,beta Mus;HR 4844;HD 110879;SAO 252019;CP -67 2064;WDS 12463-6806;HIP 62322;TYC 9228-3047-1,
DS,16 27 11.04,-47 33 17.2,-0.00119,-0.0203,+4.53,+4.45,1.909E+02,-9.0,B4V,A,+2.66,22.8,335.0,1982.00,,,,,,,,,,,,,epsilon Nor;HR 6115;HD 147971;SAO 226773;CD -47 10765;WDS 16272-4733;HIP 80582;TYC 8316-4441-1;GAIA 5942012246713512704,
DS,17 15 20.78,-26 36 06.1,-0.03717,-1.1492,+5.07,+5.92,5.952E+00,+0.3,K0V,AB,+0.02,5.1,139.2,2020.00,1677.8656,13.0000,0.9160,99.79,89.80,94.16,470.900000,,,,,,36 Oph;HR 6402;GJ 663A;HD 155886;SAO 185198;CD -26 12026;WDS 17153-2636;HIP 84405;TYC 6820-0326-1;GAIA 4109030160308317312,Guniibuu
DS,17 18 00.68,-24 17 12.8,-0.00416,-0.0081,+5.11,+6.15,8.802E+01,-29.4,K0II-III,A,+1.60,10.2,355.0,1962.00,,,,,,,,,,,,,omicron Oph;39 Oph;HR 6424;HD 156349;SAO 185238;CD -24 13255;WDS 17180-2417;HIP 84626;TYC 6812-0592-1;GAIA 4111062298301073408,
DV,18 05 27.29,+02 30 00.4,+0.00831,-0.9627,+4.03,+4.89,5.086E+00,-10.0,K0-V,AB,+1.88,6.6,121.8,2020.00,1895.8225,4.5504,0.4980,120.89,193.38,121.69,88.398300,BY:,+4.14,+4.16,,,70 Oph;V2391 Oph;HR 6752;GJ 702A;HD 165341;SAO 123107;BD +02 3482;WDS 18055+0230;HIP 88601;TYC 0434-5213-1,
DV,05 14 32.27,-08 12 05.9,+0.00013,-0.0006,+0.28,+0.30,2.370E+02,+20.7,B8Ia:,A,+10.10,9.5,204.0,1990.00,,,,,,,,ACYG,+0.17,+0.22,,,beta Ori;19 Ori;HR 1713;HD 34085;SAO 131907;BD -08 1063;WDS 05145-0812;HIP 24436;TYC 5331-1752-1,Rigel
DV,05 24 28.62,-02 23 49.7,-0.00003,-0.0012,+3.39,+3.22,6.336E+02,+19.8,B1V+B2e,A,+1.00,1.7,78.0,1989.00,,,,,,,,EA+BCEP:,+3.31,+3.60,7.99,2415761.83,eta Ori;28 Ori;HR 1788;HD 35411;SAO 132071;BD -02 1235;WDS 05245-0224;HIP 25281;TYC 4757-1588-1;GAIA 3214077516844988800,
DV,05 32 00.40,-00 17 56.7,+0.00011,+0.0006,+2.23,+2.06,2.123E+02,+16.0,O9.5II,A,+0.10,0.3,138.0,1991.00,,,,,,,,EA/DM,+2.14,+2.26,5.73,2443872.59,delta Ori;34 Ori;HR 1852;HD 36486;SAO 132220;BD -00 983;WDS 05320-0018;HIP 25930;TYC 4766-2445-1;GAIA 3220756843825383936,Mintaka
DS,05 35 08.28,+09 56 03.0,-0.00007,-0.0019,+3.39,+3.23,3.236E+02,+32.9,O8III((f)),A,+1.90,4.4,43.0,1987.00,,,,,,,,,,,,,lambda Ori;39 Ori;HR 1879;HD 36861;SAO 112921;BD +09 879;WDS 05351+0956;HIP 26207;TYC 0705-2400-1,Meissa
DV,05 35 15.82,-05 23 14.3,-0.00006,+0.0001,+6.73,+6.75,8.578E+02,+33.4,B0.5V,A,-1.60,12.7,132.0,1990.00,,,,,,,,EA,+6.72,+7.65,65.43,2443144.60,theta1 Ori;41 Ori;V1016 Ori;HR 1893;HD 37020;BD -05 1315;WDS 05353-0523;HIP 26220;TYC 4774-0953-1,
DS,05 35 25.98,-05 54 35.6,+0.00015,-0.0006,+2.78,+2.57,4.065E+02,+21.5,O9III,A,+4.10,11.4,141.0,1987.00,,,,,,,,,,,,,iota Ori;44 Ori;HR 1899;HD 37043;SAO 132323;BD -06 1241;WDS 05354-0555;HIP 26241;TYC 4778-1401-1,Hatysa
DS,05 38 44.77,-02 36 00.2,+0.00031,-0.0004,+3.80,+3.56,3.289E+02,+29.9,O9.5V+B0.5V,AB,+2.93,12.9,84.0,1978.00,,,,,,,,,,,,,sigma Ori;48 Ori;HR 1931;HD 37468;SAO 132406;BD -02 1326;WDS 05387-0236;HIP 26549;TYC 4771-1196-1;GAIA 3216486443742786048,
DS,05 40 45.57,-01 56 35.6,+0.00027,+0.0025,+4.21,,2.506E+02,+18.6,B0III,BA,+1.82,2.2,167.0,2020.00,2070.5972,2.7280,0.0700,72.00,47.30,155.50,1508.600000,,,,,,zeta Ori;50 Ori;HR 1949;HD 37743;BD -02 1338;WDS 05407-0157;HIP 26727;TYC 4771-1188-1,
DV,21 44 11.16,+09 52 30.0,+0.00203,+0.0014,+2.39,+3.92,2.062E+02,+5.2,K2Ib-II,A,+10.26,83.1,324.0,1960.00,,,,,,,,LC,+0.70,+3.50,,,epsilon Peg;8 Peg;HR 8308;HD 206778;SAO 127029;BD +09 4891;WDS 21442+0953;HIP 107315;TYC 1125-2186-1,Enif
DS,02 50 41.81,+55 53 43.8,+0.00194,-0.0135,+3.76,+5.41,3.062E+02,-1.3,K3-Ib-IIa,A,+4.74,28.3,301.0,1973.00,,,,,,,,,,,,,eta Per;15 Per;HR 834;HD 17506;SAO 23655;BD +55 714;WDS 02507+5554;HIP 13268;TYC 3704-1332-1;GAIA 454491381981202944,Miram
DS,04 50 55.31,-53 27 41.4,-0.00886,+0.0878,+5.62,+5.91,3.708E+01,+3.0,F0IV,A,+0.81,12.5,58.0,1975.00,,,,,,,,,,,,,iota Pic;HR 1563;HD 31203;SAO 233709;CP -53 760;WDS 04509-5328;HIP 22531;TYC 8510-1940-1,
DS,01 05 40.96,+21 28 23.5,+0.00317,-0.0143,+5.32,+5.32,7.315E+01,-3.9,A1Vn,A,+0.22,30.0,159.0,1988.00,,,,,,,,,,,,,psi1 Psc;74 Psc;HR 310;HD 6456;SAO 74482;BD +20 156;WDS 01057+2128;HIP 5131;TYC 1202-2124-1,
SS,01 53 33.35,+03 11 15.1,+0.00158,+0.0239,+4.62,+5.56,5.845E+01,+30.3,G9IIIbFe-0.5,,,,,,,,,,,,,,,,,,xi Psc;111 Psc;HR 549;HD 11559;SAO 110206;BD +02 290;HIP 8833;TYC 0033-1213-1,
DV,02 02 02.70,+02 45 49.6,+0.00236,-0.0196,+3.82,+3.84,4.264E+01,+7.5,A3V,BA,+1.00,1.9,261.1,2020.00,2179.9228,8.2893,0.7849,105.18,227.07,18.69,1946.998400,ACV,+3.82,+3.83,,,alpha Psc;113 Psc;HR 595;HD 12446;SAO 110291;BD +02 317;WDS 02020+0246;HIP 9487;TYC 0040-1338-1,
DS,07 38 49.87,-26 48 13.8,-0.00131,+0.0217,+4.45,+4.28,1.204E+02,+33.0,B6V,A,+0.25,9.9,318.0,1985.00,,,,,,,,,,,,,HR 2948;HD 61555;SAO 174198;CD -26 4707;WDS 07388-2648;HIP 37229;TYC 6547-2626-1;GAIA 5612323414549657728,
DS,16 04 22.14,-11 22 23.0,-0.00430,-0.0280,+4.16,+4.61,2.933E+01,-29.0,F5IV+F5IV,AB,+2.40,7.6,48.0,1990.00,,,,,,,,,,,,,xi Sco;HR 5977;HR 5978;GJ 9540B;HD 144069;SAO 159665;BD -10 4237;WDS 16044-1122;HIP 78727,
DS,16 05 26.23,-19 48 19.6,-0.00048,-0.0249,+2.62,+2.55,1.626E+02,-1.0,B1V,AB,+2.30,13.6,21.0,1980.00,,,,,,,,,,,,,beta1 Sco;8 Sco;HR 5984;HD 144217;SAO 159682;BD -19 4307;WDS 16054-1948;HIP 78820;TYC 6208-1623-1,Acrab
DS,16 11 59.73,-19 27 38.6,-0.00053,-0.0282,+4.13,+4.11,1.417E+02,+2.4,B3V,A,,0.1,165.0,1989.00,,,,,,,,,,,,,nu Sco;14 Sco;HR 6027;HD 145502;SAO 159764;BD -19 4333;WDS 16120-1928;HIP 79374;TYC 6209-1537-1;GAIA 6245697981070158080,Jabbah
DV,16 29 24.46,-26 25 55.2,-0.00076,-0.0232,+1.07,+2.91,1.852E+02,-3.0,M1.5Iab+B2.5V,AB,+4.44,2.6,276.6,2020.00,2194.6683,4.3845,0.8212,81.57,280.95,101.14,2666.485500,LC,+0.88,+1.16,,,alpha Sco;21 Sco;HR 6134;HD 148478;SAO 184415;CD -26 11359;WDS 16294-2626;HIP 80763;TYC 6803-2158-1,Antares
DV,15 34 48.17,+10 32 15.9,-0.00493,+0.0032,+5.13,+5.39,6.435E+01,-41.5,F0IV,BA,+0.93,4.0,171.6,2020.00,2138.9398,6.3779,0.6835,101.22,80.43,162.08,1150.104500,DSCTC,+4.23,+4.27,0.13,,delta Ser;13 Ser;HR 5788;HD 138917;SAO 101623;BD +11 2821;WDS 15348+1032;HIP 76276;TYC 0933-1238-1,
DS,18 56 13.18,+04 12 12.9,+0.00311,+0.0313,+4.61,+4.78,4.120E+01,-43.4,A5V,A,+0.36,22.3,104.0,1984.00,,,,,,,,,,,,,theta1 Ser;63 Ser;HR 7141;HD 175638;SAO 124068;BD +04 3916;WDS 18562+0412;HIP 92946;TYC 0457-0687-1;GAIA 4281199284413726208,Alya
DV,04 28 39.74,+15 52 15.2,+0.00753,-0.0264,+3.41,+3.61,4.568E+01,+39.5,A7III,A,,337.4,346.0,1921.00,,,,,,,,DSCTC+E:,+3.35,+3.42,0.08,,theta2 Tau;78 Tau;HR 1412;HD 28319;SAO 93957;BD +15 632;WDS 04287+1552;HIP 20894;TYC 1265-1172-1,Chamukuy
DS,05 36 26.38,+21 59 35.2,-0.00300,-0.0846,+6.88,+7.38,7.761E+01,+21.1,F8,,+0.60,4.0,271.0,1990.00,,,,,,,,,,,,,HD 37013;SAO 77313;BD +21 902;WDS 05364+2200;HIP 26328;TYC 1310-1195-1;GAIA 3403784951001136256,
DV,02 12 22.28,+30 18 11.0,-0.00497,-0.0595,+5.15,+6.01,8.849E+01,-18.8,G5III,AB,+1.34,3.9,68.1,2020.00,4960.2355,7.0370,0.6300,110.30,277.50,158.80,5172.500000,ELL/RS,+5.19,+5.28,14.73,2443729.80,6 Tri;TZ Tri;HR 642;HD 13480;SAO 55347;BD +29 371;WDS 02124+3018;HIP 10280;TYC 2309-1821-1;GAIA 300312157810876544,
DS,00 31 32.67,-62 57 29.6,+0.01232,-0.0549,+4.34,+4.29,4.379E+01,+10.8,B9V,A,+0.17,27.0,168.0,1990.00,,,,,,,,,,,,,beta1 Tuc;HR 126;HD 2884;SAO 248201;CP -63 50;WDS 00315-6257;HIP 2484;TYC 8844-1519-1;GAIA 4900927434176620160,
DV,11 18 10.94,+31 31 45.2,-0.03360,-0.5860,+3.79,+4.38,7.299E+00,-16.0,F8.5V+G2V,AB,+0.47,2.2,152.6,2020.00,1935.1701,2.5044,0.4043,122.19,126.96,100.94,59.890300,RS,+4.38,+4.39,,,xi UMa;53 UMa;HR 4374;HR 4375;GJ 423B;HD 98230;SAO 62484;BD +32 2132;WDS 11182+3132;HIP 55203,Alula Australis
DS,13 23 55.54,+54 55 31.3,+0.01421,-0.0227,+2.22,+2.27,2.487E+01,-5.6,A1VpSrSi,A,+1.68,14.5,153.0,1993.00,,,,,,,,,,,,,zeta UMa;79 UMa;HR 5054;GJ 3783A;HD 116656;SAO 28737;BD +55 1598;WDS 13239+5456;HIP 65378;TYC 3850-1385-1;GAIA 1563590579347125632,Mizar
DV,02 31 49.08,+89 15 50.8,+0.22953,-0.0118,+2.00,+2.62,1.323E+02,-17.4,F7:Ib-II,A,+7.00,18.4,216.0,1973.00,,,,,,,,DCEPS,+1.86,+2.13,3.97,2431495.81,alpha UMi;1 UMi;HR 424;HD 8890;SAO 308;BD +88 8;WDS 02309+8915;HIP 11767;TYC 4628-0237-1,Polaris
DV,08 09 31.95,-47 20 11.7,-0.00058,+0.0099,+1.79,+1.55,2.577E+02,+12.0,WC8+O9I,A,+2.49,41.3,220.0,1980.00,,,,,,,,WR,+1.81,+1.87,,,gamma2 Vel;HR 3207;HD 68273;SAO 219504;CD -46 3847;WDS 08095-4720;HIP 39953;TYC 8140-6533-1,
DV,10 20 54.80,-56 02 35.6,-0.00217,+0.0015,+4.50,+4.38,4.274E+02,+10.4,B3IIIe,A,+3.80,7.2,102.0,1975.00,,,,,,,,BE,+4.49,+4.55,,,J Vel;MV Vel;HR 4074;HD 89890;SAO 237959;CP -55 3286;WDS 10209-5603;HIP 50676;TYC 8604-0975-1,
DS,12 41 39.64,-01 26 57.8,-0.04113,+0.0607,+3.48,+3.84,1.183E+01,-19.5,F0V,AB,+0.02,2.9,357.4,2020.00,2005.5096,3.6390,0.8815,149.46,255.02,35.34,169.104000,,,,,,gamma Vir;29 Vir;HR 4825;GJ 482A;HD 110379;SAO 138917;BD -00 2601;WDS 12417-0127;HIP 61941;TYC 4949-1120-1,Porrima
DS,07 08 44.87,-70 29 56.2,+0.00472,+0.1087,+3.76,+4.78,4.085E+01,+2.8,K0III,A,+1.89,13.6,297.0,1977.00,,,,,,,,,,,,,gamma2 Vol;HR 2736;HD 55865;SAO 256374;CP -70 600;WDS 07087-7030;HIP 34481;TYC 9182-1411-1;GAIA 5267405895350690304,
DS,00 54 58.11,+23 37 42.0,+0.00997,-0.0456,+5.50,+6.51,3.893E+01,+0.4,K1IV,AB,+0.38,1.2,334.5,2020.00,1956.1903,0.9837,0.3060,44.57,358.62,173.66,167.509925,,,,,,36 And;HR 258;HD 5286;SAO 74359;BD +22 146;WDS 00550+2338;HIP 4288;TYC 1739-2318-1,
DS,01 13 43.89,+07 34 31.3,+0.00960,-0.0531,+5.20,+5.48,4.088E+01,+15.0,A7IV,A,+1.03,22.9,63.0,1986.00,,,,,,,,,,,,,zeta Psc;86 Psc;HR 361;HD 7344;SAO 109739;BD +06 174;WDS 01137+0735;HIP 5737;TYC 0613-1249-1;GAIA 2577061092921353984,Revati
DS,01 49 35.10,-10 41 11.1,-0.01003,-0.0935,+4.66,+5.01,2.348E+01,+1.8,F3III,A,+2.12,183.8,250.0,1916.00,,,,,,,,,,,,,chi Cet;53 Cet;HR 531;GJ 9061A;HD 11171;SAO 148036;BD -11 352;WDS 01496-1041;HIP 8497;TYC 5278-2438-1;GAIA 2461043306017773696,
DS,01 50 08.57,+22 16 31.2,-0.00103,-0.0076,+5.83,+6.57,1.795E+02,+6.8,K1III,A,+1.20,2.9,164.0,1992.00,,,,,,,,,,,,,1 Ari;HR 530;HD 11154;SAO 74966;BD +21 243;WDS 01501+2217;HIP 8544;TYC 1212-1934-1;GAIA 98209860357332608,
DV,02 29 03.57,+67 24 06.8,-0.00213,+0.0066,+6.71,+7.12,4.529E+01,+1.2,,BA,+2.27,2.8,227.9,2020.00,1680.0958,5.9412,0.8286,110.53,118.68,152.89,1798.368100,ACV,+4.45,+4.53,1.74,,iota Cas;BD +66 213;WDS 02291+6724;HIP 11569;TYC 4058-1504-1;GAIA 517650349234855424,
DS,02 59 12.68,+21 20 24.3,-0.00114,-0.0072,+4.63,+4.68,1.107E+02,-7.9,A2Vs,BA,+0.33,1.3,210.1,2020.00,2098.2996,1.6688,0.4353,83.89,268.18,29.95,710.542500,,,,,,epsilon Ari;48 Ari;HR 887;HD 18519;SAO 75673;BD +20 484;WDS 02592+2120;HIP 13914;TYC 1230-1424-1;GAIA 108589696800254464,
DV,05 06 08.45,+58 58 20.5,-0.00081,-0.0071,+5.23,+5.12,2.103E+02,-11.0,B2.5Ve,A,+1.10,179.8,8.0,1924.00,,,,,,,,BE,+5.10,+5.22,,,11 Cam;BV Cam;HR 1622;HD 32343;SAO 25001;BD +58 804;WDS 05061+5858;HIP 23734;TYC 3746-2216-1;GAIA 283924349317110400,
SS,05 21 45.75,-00 22 56.9,-0.00001,+0.0016,+4.72,+4.56,3.498E+02,+27.9,B2IV-V,,,,,,,,,,,,,,,,,,o Ori;22 Ori;HR 1765;HD 35039;SAO 132028;BD -00 930;HIP 25044;TYC 4752-1608-1;GAIA 3221269181884277504,
DS,05 30 47.05,+05 56 53.3,+0.00044,-0.0325,+4.23,+4.10,9.285E+01,+18.6,B5V,,+1.20,1.1,47.0,1992.00,,,,,,,,,,,,,32 Ori;HR 1839;HD 36267;SAO 112849;BD +05 939;WDS 05308+0557;HIP 25813;TYC 0126-1899-1;GAIA 3237714611659033728,
DS,05 35 02.68,-06 00 07.3,+0.00007,+0.0017,+4.76,+4.53,3.822E+02,+27.7,B0.5V,A,+0.89,36.2,223.0,1962.00,,,,,,,,,,,,,HR 1887;HD 36960;SAO 132301;BD -06 1234;WDS 05350-0600;HIP 26199;TYC 4778-1403-1;GAIA 3017187866581304832,
DS,05 35 23.16,-04 50 18.1,-0.00028,-0.0020,+4.60,+4.41,1.535E+02,+30.0,B1V,AB,+3.20,1.5,207.0,1968.00,,,,,,,,,,,,,c Ori;42 Ori;HR 1892;HD 37018;SAO 132320;BD -04 1185;WDS 05354-0450;HIP 26237;TYC 4774-0928-1;GAIA 3209572852067563392,
DS,05 48 00.23,+06 27 15.0,+0.00011,-0.0235,+5.30,+5.52,1.253E+02,+22.7,A5V,,+0.00,1.3,217.0,1990.00,,,,,,,,,,,,,52 Ori;HR 1999;HD 38710;SAO 113150;BD +06 1027;WDS 05480+0627;HIP 27386;TYC 0128-1551-1;GAIA 3321343225549328000,
DS,06 56 06.65,-14 02 36.3,-0.00008,+0.0064,+4.97,+6.16,2.922E+02,+18.3,G5III+A2,AB,+3.00,2.8,342.0,1980.00,,,,,,,,,,,,,mu CMa;18 CMa;HR 2593;HD 51250;SAO 152123;BD -13 1741;WDS 06561-1403;HIP 33345;TYC 5392-0913-1;GAIA 2949326146358060416,
DV,07 18 18.39,-36 44 02.3,-0.00087,+0.0059,+4.71,+4.59,2.860E+02,+18.6,B2V,A,+0.50,239.9,97.0,1936.00,,,,,,,,GCAS,+4.58,+4.78,,,NV Pup;HR 2787;HD 57150;SAO 197824;CD -36 3512;WDS 07183-3644;HIP 35363;TYC 7115-3016-1;GAIA 5589411172768195840,
DS,07 22 52.05,+55 16 53.0,-0.00034,-0.0311,+5.80,+5.70,1.955E+02,+5.2,B8V,A,+1.10,15.0,315.0,1985.00,,,,,,,,,,,,,19 Lyn;HR 2784;HD 57103;SAO 26312;BD +55 1192;WDS 07229+5517;HIP 35785;TYC 3785-1697-1;GAIA 987326158587778432,
DS,07 34 18.62,-23 28 25.2,-0.00641,-0.0009,+6.02,,3.054E+01,-4.7,dF4,A,+0.10,9.6,115.0,1983.00,,,,,,,,,,,,,HR 2909;HD 60584;SAO 174019;CD -23 5709;WDS 07343-2328;HIP 36817;TYC 6539-3802-1;GAIA 5618420137803147008,
DS,08 26 47.07,+26 56 07.8,-0.00056,+0.0012,+6.17,+6.38,1.058E+02,-56.6,A3V,A,+0.05,5.2,218.0,2000.00,,,,,,,,,,,,,phi2 Cnc;23 Cnc;HR 3311;HD 71151;SAO 80188;BD +27 1612;WDS 08268+2656;HIP 41404;TYC 1944-2323-1;GAIA 680022210631907456,
DS,08 54 14.73,+30 34 44.8,+0.00319,-0.0233,+5.42,+6.48,1.157E+02,-60.1,G7III,AB,+0.21,1.5,309.2,2020.00,2351.9271,3.6152,0.7960,104.57,254.31,91.15,2336.145600,,,,,,57 Cnc;HR 3532;HD 75959;SAO 61125;BD +31 1907;WDS 08542+3035;HIP 43721;TYC 2485-2096-1;GAIA 705832627619469056,
DV,14 42 30.42,-64 58 30.5,-0.03036,-0.2341,+3.18,+3.45,1.640E+01,+7.2,F0VSr,A,+5.29,15.6,227.0,1990.00,,,,,,,,ACVO,+3.18,+3.21,,,alpha Cir;HR 5463;GJ 560A;HD 128898;SAO 252853;CP -64 2977;WDS 14425-6459;HIP 71908;TYC 9015-1445-1,
DS,22 27 19.97,-64 57 58.9,+0.01114,+0.0089,+4.50,+4.48,8.622E+01,+5.3,B9.5V,Aa,+4.50,6.9,282.0,1978.00,,,,,,,,,,,,,delta Tuc;HR 8540;HD 212581;SAO 255222;CP -65 4044;WDS 22273-6458;HIP 110838;TYC 9120-1918-1;GAIA 6404338508024243200,
DS,20 21 00.68,-14 46 52.9,+0.00334,+0.0140,+3.09,+3.86,1.055E+02,-19.0,G9II:+B8p:Si:,Aa,+3.10,205.3,267.0,1922.00,,,,,,,,,,,,,beta1 Cap;9 Cap;HR 7776;HD 193495;SAO 163481;BD -15 5629;WDS 20210-1447;HIP 100345;TYC 5753-2281-1,Dabih
